USAGE_DATE,FACILITY_NAME,attendance
6/1/2018,PortAventura World,46804
6/1/2018,Tivoli Gardens,20420
6/2/2018,PortAventura World,57940
6/2/2018,Tivoli Gardens,29110
6/3/2018,PortAventura World,44365
6/3/2018,Tivoli Gardens,23727
6/4/2018,PortAventura World,37617
6/4/2018,Tivoli Gardens,15115
6/5/2018,PortAventura World,32438
6/5/2018,Tivoli Gardens,16373
6/6/2018,PortAventura World,28399
6/6/2018,Tivoli Gardens,15831
6/7/2018,PortAventura World,39436
6/7/2018,Tivoli Gardens,16587
6/8/2018,PortAventura World,36459
6/8/2018,Tivoli Gardens,16434
6/9/2018,PortAventura World,52664
6/9/2018,Tivoli Gardens,25776
6/10/2018,PortAventura World,47025
6/10/2018,Tivoli Gardens,34376
6/11/2018,PortAventura World,34984
6/11/2018,Tivoli Gardens,20253
6/12/2018,PortAventura World,34307
6/12/2018,Tivoli Gardens,18715
6/13/2018,PortAventura World,41448
6/13/2018,Tivoli Gardens,21217
6/14/2018,PortAventura World,41817
6/14/2018,Tivoli Gardens,22656
6/15/2018,PortAventura World,42530
6/15/2018,Tivoli Gardens,24449
6/16/2018,PortAventura World,54361
6/16/2018,Tivoli Gardens,28194
6/17/2018,PortAventura World,39359
6/17/2018,Tivoli Gardens,25786
6/18/2018,PortAventura World,37090
6/18/2018,Tivoli Gardens,16283
6/19/2018,PortAventura World,41024
6/19/2018,Tivoli Gardens,19780
6/20/2018,PortAventura World,40455
6/20/2018,Tivoli Gardens,20334
6/21/2018,PortAventura World,42193
6/21/2018,Tivoli Gardens,21564
6/22/2018,PortAventura World,41569
6/22/2018,Tivoli Gardens,19632
6/23/2018,PortAventura World,58821
6/23/2018,Tivoli Gardens,33975
6/24/2018,PortAventura World,49889
6/24/2018,Tivoli Gardens,31151
6/25/2018,PortAventura World,53176
6/25/2018,Tivoli Gardens,24384
6/26/2018,PortAventura World,52876
6/26/2018,Tivoli Gardens,25977
6/27/2018,PortAventura World,50993
6/27/2018,Tivoli Gardens,27053
6/28/2018,PortAventura World,51994
6/28/2018,Tivoli Gardens,27260
6/29/2018,PortAventura World,50478
6/29/2018,Tivoli Gardens,32666
6/30/2018,PortAventura World,58315
6/30/2018,Tivoli Gardens,36005
7/1/2018,PortAventura World,48253
7/1/2018,Tivoli Gardens,28878
7/2/2018,PortAventura World,47915
7/2/2018,Tivoli Gardens,22008
7/3/2018,PortAventura World,46968
7/3/2018,Tivoli Gardens,24406
7/4/2018,PortAventura World,49858
7/4/2018,Tivoli Gardens,25517
7/5/2018,PortAventura World,47216
7/5/2018,Tivoli Gardens,25058
7/6/2018,PortAventura World,43111
7/6/2018,Tivoli Gardens,22756
7/7/2018,PortAventura World,53368
7/7/2018,Tivoli Gardens,33899
7/8/2018,PortAventura World,45474
7/8/2018,Tivoli Gardens,27247
7/9/2018,PortAventura World,47896
7/9/2018,Tivoli Gardens,21876
7/10/2018,PortAventura World,48277
7/10/2018,Tivoli Gardens,24157
7/11/2018,PortAventura World,47003
7/11/2018,Tivoli Gardens,24193
7/12/2018,PortAventura World,49209
7/12/2018,Tivoli Gardens,24531
7/13/2018,PortAventura World,37971
7/13/2018,Tivoli Gardens,19013
7/14/2018,PortAventura World,56394
7/14/2018,Tivoli Gardens,25567
7/15/2018,PortAventura World,37457
7/15/2018,Tivoli Gardens,20521
7/16/2018,PortAventura World,44653
7/16/2018,Tivoli Gardens,19965
7/17/2018,PortAventura World,51942
7/17/2018,Tivoli Gardens,24192
7/18/2018,PortAventura World,52475
7/18/2018,Tivoli Gardens,27635
7/19/2018,PortAventura World,49957
7/19/2018,Tivoli Gardens,25259
7/20/2018,PortAventura World,38078
7/20/2018,Tivoli Gardens,20637
7/21/2018,PortAventura World,59066
7/21/2018,Tivoli Gardens,28007
7/22/2018,PortAventura World,50531
7/22/2018,Tivoli Gardens,26290
7/23/2018,PortAventura World,54214
7/23/2018,Tivoli Gardens,24870
7/24/2018,PortAventura World,58843
7/24/2018,Tivoli Gardens,27505
7/25/2018,PortAventura World,53768
7/25/2018,Tivoli Gardens,27395
7/26/2018,PortAventura World,51283
7/26/2018,Tivoli Gardens,24784
7/27/2018,PortAventura World,42794
7/27/2018,Tivoli Gardens,22053
7/28/2018,PortAventura World,60031
7/28/2018,Tivoli Gardens,28300
7/29/2018,PortAventura World,50327
7/29/2018,Tivoli Gardens,27015
7/30/2018,PortAventura World,53319
7/30/2018,Tivoli Gardens,24944
7/31/2018,PortAventura World,56054
7/31/2018,Tivoli Gardens,27348
8/1/2018,PortAventura World,54946
8/1/2018,Tivoli Gardens,27324
8/2/2018,PortAventura World,52467
8/2/2018,Tivoli Gardens,26237
8/3/2018,PortAventura World,44528
8/3/2018,Tivoli Gardens,21264
8/4/2018,PortAventura World,48875
8/4/2018,Tivoli Gardens,22662
8/5/2018,PortAventura World,44848
8/5/2018,Tivoli Gardens,22506
8/6/2018,PortAventura World,55363
8/6/2018,Tivoli Gardens,24097
8/7/2018,PortAventura World,56383
8/7/2018,Tivoli Gardens,26392
8/8/2018,PortAventura World,72199
8/8/2018,Tivoli Gardens,34996
8/9/2018,PortAventura World,46583
8/9/2018,Tivoli Gardens,26732
8/10/2018,PortAventura World,64516
8/10/2018,Tivoli Gardens,27670
8/11/2018,PortAventura World,61914
8/11/2018,Tivoli Gardens,25711
8/12/2018,PortAventura World,55194
8/12/2018,Tivoli Gardens,24767
8/13/2018,PortAventura World,45891
8/13/2018,Tivoli Gardens,20968
8/14/2018,PortAventura World,61948
8/14/2018,Tivoli Gardens,29767
8/15/2018,PortAventura World,53729
8/15/2018,Tivoli Gardens,27179
8/16/2018,PortAventura World,57342
8/16/2018,Tivoli Gardens,27594
8/17/2018,PortAventura World,53883
8/17/2018,Tivoli Gardens,26386
8/18/2018,PortAventura World,63711
8/18/2018,Tivoli Gardens,29636
8/19/2018,PortAventura World,55109
8/19/2018,Tivoli Gardens,28419
8/20/2018,PortAventura World,57740
8/20/2018,Tivoli Gardens,26799
8/21/2018,PortAventura World,63759
8/21/2018,Tivoli Gardens,29424
8/22/2018,PortAventura World,60196
8/22/2018,Tivoli Gardens,30712
8/23/2018,PortAventura World,77261
8/23/2018,Tivoli Gardens,40414
8/24/2018,PortAventura World,53529
8/24/2018,Tivoli Gardens,27742
8/25/2018,PortAventura World,55503
8/25/2018,Tivoli Gardens,27469
8/26/2018,PortAventura World,54330
8/26/2018,Tivoli Gardens,30153
8/27/2018,PortAventura World,58609
8/27/2018,Tivoli Gardens,27201
8/28/2018,PortAventura World,69559
8/28/2018,Tivoli Gardens,31576
8/29/2018,PortAventura World,43659
8/29/2018,Tivoli Gardens,23412
8/30/2018,PortAventura World,61159
8/30/2018,Tivoli Gardens,30287
8/31/2018,PortAventura World,54800
8/31/2018,Tivoli Gardens,26951
9/1/2018,PortAventura World,57367
9/1/2018,Tivoli Gardens,30008
9/2/2018,PortAventura World,39488
9/2/2018,Tivoli Gardens,23627
9/3/2018,PortAventura World,39006
9/3/2018,Tivoli Gardens,14719
9/4/2018,PortAventura World,39373
9/4/2018,Tivoli Gardens,18247
9/5/2018,PortAventura World,39887
9/5/2018,Tivoli Gardens,19544
9/6/2018,PortAventura World,39810
9/6/2018,Tivoli Gardens,20105
9/7/2018,PortAventura World,38951
9/7/2018,Tivoli Gardens,21130
9/8/2018,PortAventura World,58206
9/8/2018,Tivoli Gardens,30496
9/9/2018,PortAventura World,42245
9/9/2018,Tivoli Gardens,26340
9/10/2018,PortAventura World,34200
9/10/2018,Tivoli Gardens,14236
9/11/2018,PortAventura World,33832
9/11/2018,Tivoli Gardens,15945
9/12/2018,PortAventura World,33776
9/12/2018,Tivoli Gardens,16391
9/13/2018,PortAventura World,26274
9/13/2018,Tivoli Gardens,14288
9/14/2018,PortAventura World,28164
9/14/2018,Tivoli Gardens,14412
9/15/2018,PortAventura World,65538
9/15/2018,Tivoli Gardens,42149
9/16/2018,PortAventura World,38398
9/16/2018,Tivoli Gardens,26011
9/17/2018,PortAventura World,23472
9/17/2018,Tivoli Gardens,10568
9/18/2018,PortAventura World,23130
9/18/2018,Tivoli Gardens,11305
9/19/2018,PortAventura World,25394
9/19/2018,Tivoli Gardens,12196
9/20/2018,PortAventura World,25841
9/20/2018,Tivoli Gardens,12067
9/21/2018,PortAventura World,23372
9/21/2018,Tivoli Gardens,11050
9/22/2018,PortAventura World,57207
9/22/2018,Tivoli Gardens,35421
9/23/2018,PortAventura World,30642
9/23/2018,Tivoli Gardens,21330
9/24/2018,PortAventura World,26803
9/24/2018,Tivoli Gardens,11161
9/25/2018,PortAventura World,23003
9/25/2018,Tivoli Gardens,11433
9/26/2018,PortAventura World,26494
9/26/2018,Tivoli Gardens,12719
9/27/2018,PortAventura World,33657
9/27/2018,Tivoli Gardens,15304
9/28/2018,PortAventura World,30020
9/28/2018,Tivoli Gardens,19714
9/29/2018,PortAventura World,51281
9/29/2018,Tivoli Gardens,28300
9/30/2018,PortAventura World,35059
9/30/2018,Tivoli Gardens,25105
10/1/2018,PortAventura World,25133
10/1/2018,Tivoli Gardens,8172
10/2/2018,PortAventura World,22445
10/2/2018,Tivoli Gardens,10383
10/3/2018,PortAventura World,25118
10/3/2018,Tivoli Gardens,11103
10/4/2018,PortAventura World,30598
10/4/2018,Tivoli Gardens,12121
10/5/2018,PortAventura World,34499
10/5/2018,Tivoli Gardens,13714
10/6/2018,PortAventura World,56522
10/6/2018,Tivoli Gardens,23658
10/7/2018,PortAventura World,35015
10/7/2018,Tivoli Gardens,21031
10/8/2018,PortAventura World,31405
10/8/2018,Tivoli Gardens,11204
10/9/2018,PortAventura World,31077
10/9/2018,Tivoli Gardens,12974
10/10/2018,PortAventura World,33234
10/10/2018,Tivoli Gardens,14379
10/11/2018,PortAventura World,29926
10/11/2018,Tivoli Gardens,12822
10/12/2018,PortAventura World,34840
10/12/2018,Tivoli Gardens,13815
10/13/2018,PortAventura World,62452
10/13/2018,Tivoli Gardens,27233
10/14/2018,PortAventura World,43957
10/14/2018,Tivoli Gardens,23647
10/15/2018,PortAventura World,35839
10/15/2018,Tivoli Gardens,14814
10/16/2018,PortAventura World,36601
10/16/2018,Tivoli Gardens,15673
10/17/2018,PortAventura World,34549
10/17/2018,Tivoli Gardens,17331
10/18/2018,PortAventura World,34626
10/18/2018,Tivoli Gardens,14929
10/19/2018,PortAventura World,35897
10/19/2018,Tivoli Gardens,15564
10/20/2018,PortAventura World,62256
10/20/2018,Tivoli Gardens,27914
10/21/2018,PortAventura World,64262
10/21/2018,Tivoli Gardens,31694
10/22/2018,PortAventura World,53397
10/22/2018,Tivoli Gardens,26060
10/23/2018,PortAventura World,60327
10/23/2018,Tivoli Gardens,28831
10/24/2018,PortAventura World,55532
10/24/2018,Tivoli Gardens,27632
10/25/2018,PortAventura World,59155
10/25/2018,Tivoli Gardens,29638
10/26/2018,PortAventura World,49955
10/26/2018,Tivoli Gardens,24904
10/27/2018,PortAventura World,53644
10/27/2018,Tivoli Gardens,24313
10/28/2018,PortAventura World,50868
10/28/2018,Tivoli Gardens,25885
10/29/2018,PortAventura World,48929
10/29/2018,Tivoli Gardens,23079
10/30/2018,PortAventura World,43201
10/30/2018,Tivoli Gardens,20945
10/31/2018,PortAventura World,64137
10/31/2018,Tivoli Gardens,22122
11/1/2018,PortAventura World,54615
11/1/2018,Tivoli Gardens,25114
11/2/2018,PortAventura World,80123
11/2/2018,Tivoli Gardens,38046
11/3/2018,PortAventura World,65140
11/3/2018,Tivoli Gardens,34205
11/4/2018,PortAventura World,39899
11/4/2018,Tivoli Gardens,22866
11/5/2018,PortAventura World,21204
11/5/2018,Tivoli Gardens,12025
11/6/2018,PortAventura World,17709
11/6/2018,Tivoli Gardens,9495
11/7/2018,PortAventura World,14673
11/7/2018,Tivoli Gardens,8894
11/8/2018,PortAventura World,21227
11/8/2018,Tivoli Gardens,10176
11/9/2018,PortAventura World,25432
11/9/2018,Tivoli Gardens,12763
11/10/2018,PortAventura World,45241
11/10/2018,Tivoli Gardens,22865
11/11/2018,PortAventura World,38117
11/11/2018,Tivoli Gardens,21278
11/12/2018,PortAventura World,25105
11/12/2018,Tivoli Gardens,13238
11/13/2018,PortAventura World,29034
11/13/2018,Tivoli Gardens,15158
11/14/2018,PortAventura World,27534
11/14/2018,Tivoli Gardens,15398
11/15/2018,PortAventura World,28199
11/15/2018,Tivoli Gardens,14876
11/16/2018,PortAventura World,62679
11/16/2018,Tivoli Gardens,16604
11/17/2018,PortAventura World,57083
11/17/2018,Tivoli Gardens,27609
11/18/2018,PortAventura World,50966
11/18/2018,Tivoli Gardens,29855
11/19/2018,PortAventura World,28305
11/19/2018,Tivoli Gardens,14969
11/20/2018,PortAventura World,18513
11/20/2018,Tivoli Gardens,11227
11/21/2018,PortAventura World,24621
11/21/2018,Tivoli Gardens,12143
11/22/2018,PortAventura World,27794
11/22/2018,Tivoli Gardens,14842
11/23/2018,PortAventura World,48311
11/23/2018,Tivoli Gardens,25477
11/24/2018,PortAventura World,57748
11/24/2018,Tivoli Gardens,27126
11/25/2018,PortAventura World,44645
11/25/2018,Tivoli Gardens,28085
11/26/2018,PortAventura World,27289
11/26/2018,Tivoli Gardens,14828
11/27/2018,PortAventura World,23748
11/27/2018,Tivoli Gardens,12839
11/28/2018,PortAventura World,22016
11/28/2018,Tivoli Gardens,12647
11/29/2018,PortAventura World,23474
11/29/2018,Tivoli Gardens,12392
11/30/2018,PortAventura World,46645
11/30/2018,Tivoli Gardens,33582
12/1/2018,PortAventura World,57853
12/1/2018,Tivoli Gardens,28341
12/2/2018,PortAventura World,51015
12/2/2018,Tivoli Gardens,29158
12/3/2018,PortAventura World,34352
12/3/2018,Tivoli Gardens,18368
12/4/2018,PortAventura World,32437
12/4/2018,Tivoli Gardens,16029
12/5/2018,PortAventura World,29044
12/5/2018,Tivoli Gardens,14945
12/6/2018,PortAventura World,33697
12/6/2018,Tivoli Gardens,15078
12/7/2018,PortAventura World,54796
12/7/2018,Tivoli Gardens,34572
12/8/2018,PortAventura World,61284
12/8/2018,Tivoli Gardens,28094
12/9/2018,PortAventura World,41943
12/9/2018,Tivoli Gardens,23052
12/10/2018,PortAventura World,36370
12/10/2018,Tivoli Gardens,17549
12/11/2018,PortAventura World,32422
12/11/2018,Tivoli Gardens,16475
12/12/2018,PortAventura World,32316
12/12/2018,Tivoli Gardens,16637
12/13/2018,PortAventura World,30557
12/13/2018,Tivoli Gardens,15230
12/14/2018,PortAventura World,63758
12/14/2018,Tivoli Gardens,36638
12/15/2018,PortAventura World,57457
12/15/2018,Tivoli Gardens,26995
12/16/2018,PortAventura World,51486
12/16/2018,Tivoli Gardens,29128
12/17/2018,PortAventura World,35466
12/17/2018,Tivoli Gardens,18714
12/18/2018,PortAventura World,55042
12/18/2018,Tivoli Gardens,16687
12/19/2018,PortAventura World,40087
12/19/2018,Tivoli Gardens,17071
12/20/2018,PortAventura World,41981
12/20/2018,Tivoli Gardens,16825
12/21/2018,PortAventura World,56197
12/21/2018,Tivoli Gardens,17630
12/22/2018,PortAventura World,63557
12/22/2018,Tivoli Gardens,30445
12/23/2018,PortAventura World,53217
12/23/2018,Tivoli Gardens,30653
12/24/2018,PortAventura World,52442
12/24/2018,Tivoli Gardens,24823
12/25/2018,PortAventura World,66441
12/25/2018,Tivoli Gardens,32324
12/26/2018,PortAventura World,56065
12/26/2018,Tivoli Gardens,26218
12/27/2018,PortAventura World,72756
12/27/2018,Tivoli Gardens,33540
12/28/2018,PortAventura World,67764
12/28/2018,Tivoli Gardens,34595
12/29/2018,PortAventura World,64695
12/29/2018,Tivoli Gardens,33212
12/30/2018,PortAventura World,64265
12/30/2018,Tivoli Gardens,33488
12/31/2018,PortAventura World,77454
12/31/2018,Tivoli Gardens,35366
1/1/2019,PortAventura World,57824
1/1/2019,Tivoli Gardens,30185
1/2/2019,PortAventura World,62595
1/2/2019,Tivoli Gardens,30794
1/3/2019,PortAventura World,66944
1/3/2019,Tivoli Gardens,36425
1/4/2019,PortAventura World,63066
1/4/2019,Tivoli Gardens,35268
1/5/2019,PortAventura World,70032
1/5/2019,Tivoli Gardens,40953
1/6/2019,PortAventura World,44651
1/6/2019,Tivoli Gardens,31550
1/7/2019,PortAventura World,22099
1/7/2019,Tivoli Gardens,13100
1/8/2019,PortAventura World,16814
1/8/2019,Tivoli Gardens,10054
1/9/2019,PortAventura World,14620
1/9/2019,Tivoli Gardens,8010
1/10/2019,PortAventura World,17599
1/10/2019,Tivoli Gardens,9241
1/11/2019,PortAventura World,16358
1/11/2019,Tivoli Gardens,8744
1/12/2019,PortAventura World,47741
1/12/2019,Tivoli Gardens,26445
1/13/2019,PortAventura World,37696
1/13/2019,Tivoli Gardens,25281
1/14/2019,PortAventura World,17846
1/14/2019,Tivoli Gardens,11402
1/15/2019,PortAventura World,14418
1/15/2019,Tivoli Gardens,9306
1/16/2019,PortAventura World,12922
1/16/2019,Tivoli Gardens,8598
1/17/2019,PortAventura World,12637
1/17/2019,Tivoli Gardens,7910
1/18/2019,PortAventura World,14575
1/18/2019,Tivoli Gardens,8501
1/19/2019,PortAventura World,41507
1/19/2019,Tivoli Gardens,22443
1/20/2019,PortAventura World,33450
1/20/2019,Tivoli Gardens,22914
1/21/2019,PortAventura World,16913
1/21/2019,Tivoli Gardens,10004
1/22/2019,PortAventura World,8773
1/22/2019,Tivoli Gardens,5607
1/23/2019,PortAventura World,8601
1/23/2019,Tivoli Gardens,5620
1/24/2019,PortAventura World,12157
1/24/2019,Tivoli Gardens,6587
1/25/2019,PortAventura World,14421
1/25/2019,Tivoli Gardens,8172
1/26/2019,PortAventura World,44483
1/26/2019,Tivoli Gardens,24104
1/27/2019,PortAventura World,29188
1/27/2019,Tivoli Gardens,21154
1/28/2019,PortAventura World,17564
1/28/2019,Tivoli Gardens,9569
1/29/2019,PortAventura World,10436
1/29/2019,Tivoli Gardens,8353
1/30/2019,PortAventura World,9421
1/30/2019,Tivoli Gardens,5320
1/31/2019,PortAventura World,10581
1/31/2019,Tivoli Gardens,6662
2/1/2019,PortAventura World,15119
2/1/2019,Tivoli Gardens,8546
2/2/2019,PortAventura World,37769
2/2/2019,Tivoli Gardens,21401
2/3/2019,PortAventura World,39642
2/3/2019,Tivoli Gardens,24964
2/4/2019,PortAventura World,19274
2/4/2019,Tivoli Gardens,12537
2/5/2019,PortAventura World,19260
2/5/2019,Tivoli Gardens,11987
2/6/2019,PortAventura World,16466
2/6/2019,Tivoli Gardens,10451
2/7/2019,PortAventura World,18016
2/7/2019,Tivoli Gardens,10639
2/8/2019,PortAventura World,20953
2/8/2019,Tivoli Gardens,12803
2/9/2019,PortAventura World,44534
2/9/2019,Tivoli Gardens,30800
2/10/2019,PortAventura World,29321
2/10/2019,Tivoli Gardens,22302
2/11/2019,PortAventura World,31171
2/11/2019,Tivoli Gardens,19710
2/12/2019,PortAventura World,30311
2/12/2019,Tivoli Gardens,20744
2/13/2019,PortAventura World,30451
2/13/2019,Tivoli Gardens,20358
2/14/2019,PortAventura World,36569
2/14/2019,Tivoli Gardens,22690
2/15/2019,PortAventura World,31839
2/15/2019,Tivoli Gardens,20318
2/16/2019,PortAventura World,58249
2/16/2019,Tivoli Gardens,33346
2/17/2019,PortAventura World,53777
2/17/2019,Tivoli Gardens,35937
2/18/2019,PortAventura World,40835
2/18/2019,Tivoli Gardens,24419
2/19/2019,PortAventura World,39152
2/19/2019,Tivoli Gardens,24265
2/20/2019,PortAventura World,37296
2/20/2019,Tivoli Gardens,23594
2/21/2019,PortAventura World,41614
2/21/2019,Tivoli Gardens,25873
2/22/2019,PortAventura World,38942
2/22/2019,Tivoli Gardens,23905
2/23/2019,PortAventura World,53531
2/23/2019,Tivoli Gardens,32161
2/24/2019,PortAventura World,44358
2/24/2019,Tivoli Gardens,28351
2/25/2019,PortAventura World,39184
2/25/2019,Tivoli Gardens,23854
2/26/2019,PortAventura World,38867
2/26/2019,Tivoli Gardens,23952
2/27/2019,PortAventura World,39306
2/27/2019,Tivoli Gardens,23866
2/28/2019,PortAventura World,32413
2/28/2019,Tivoli Gardens,20833
3/1/2019,PortAventura World,36466
3/1/2019,Tivoli Gardens,22033
3/2/2019,PortAventura World,51132
3/2/2019,Tivoli Gardens,30464
3/3/2019,PortAventura World,43795
3/3/2019,Tivoli Gardens,27126
3/4/2019,PortAventura World,35287
3/4/2019,Tivoli Gardens,23137
3/5/2019,PortAventura World,37480
3/5/2019,Tivoli Gardens,23046
3/6/2019,PortAventura World,32085
3/6/2019,Tivoli Gardens,21736
3/7/2019,PortAventura World,41970
3/7/2019,Tivoli Gardens,27210
3/8/2019,PortAventura World,49850
3/8/2019,Tivoli Gardens,32421
3/9/2019,PortAventura World,57389
3/9/2019,Tivoli Gardens,36128
3/10/2019,PortAventura World,40347
3/10/2019,Tivoli Gardens,26656
3/11/2019,PortAventura World,30328
3/11/2019,Tivoli Gardens,20176
3/12/2019,PortAventura World,22442
3/12/2019,Tivoli Gardens,16760
3/13/2019,PortAventura World,21482
3/13/2019,Tivoli Gardens,16199
3/14/2019,PortAventura World,19230
3/14/2019,Tivoli Gardens,13418
3/15/2019,PortAventura World,33311
3/15/2019,Tivoli Gardens,19214
3/16/2019,PortAventura World,68675
3/16/2019,Tivoli Gardens,44052
3/17/2019,PortAventura World,43948
3/17/2019,Tivoli Gardens,32486
3/18/2019,PortAventura World,35527
3/18/2019,Tivoli Gardens,18409
3/19/2019,PortAventura World,33175
3/19/2019,Tivoli Gardens,18162
3/20/2019,PortAventura World,32131
3/20/2019,Tivoli Gardens,16913
3/21/2019,PortAventura World,34365
3/21/2019,Tivoli Gardens,17800
3/22/2019,PortAventura World,44921
3/22/2019,Tivoli Gardens,20010
3/23/2019,PortAventura World,76916
3/23/2019,Tivoli Gardens,43208
3/24/2019,PortAventura World,58040
3/24/2019,Tivoli Gardens,35371
3/25/2019,PortAventura World,38068
3/25/2019,Tivoli Gardens,20676
3/26/2019,PortAventura World,31067
3/26/2019,Tivoli Gardens,19266
3/27/2019,PortAventura World,32533
3/27/2019,Tivoli Gardens,16127
3/28/2019,PortAventura World,37412
3/28/2019,Tivoli Gardens,18897
3/29/2019,PortAventura World,41942
3/29/2019,Tivoli Gardens,20509
3/30/2019,PortAventura World,77740
3/30/2019,Tivoli Gardens,42832
3/31/2019,PortAventura World,61826
3/31/2019,Tivoli Gardens,37985
4/1/2019,PortAventura World,39438
4/1/2019,Tivoli Gardens,19046
4/2/2019,PortAventura World,25884
4/2/2019,Tivoli Gardens,14682
4/3/2019,PortAventura World,28436
4/3/2019,Tivoli Gardens,15617
4/4/2019,PortAventura World,35058
4/4/2019,Tivoli Gardens,17249
4/5/2019,PortAventura World,37280
4/5/2019,Tivoli Gardens,18304
4/6/2019,PortAventura World,51173
4/6/2019,Tivoli Gardens,25844
4/7/2019,PortAventura World,47711
4/7/2019,Tivoli Gardens,26638
4/8/2019,PortAventura World,50159
4/8/2019,Tivoli Gardens,25333
4/9/2019,PortAventura World,48204
4/9/2019,Tivoli Gardens,27137
4/10/2019,PortAventura World,44031
4/10/2019,Tivoli Gardens,26453
4/11/2019,PortAventura World,55586
4/11/2019,Tivoli Gardens,29058
4/12/2019,PortAventura World,47621
4/12/2019,Tivoli Gardens,25203
4/13/2019,PortAventura World,53011
4/13/2019,Tivoli Gardens,26675
4/14/2019,PortAventura World,48908
4/14/2019,Tivoli Gardens,26704
4/15/2019,PortAventura World,61281
4/15/2019,Tivoli Gardens,27820
4/16/2019,PortAventura World,49219
4/16/2019,Tivoli Gardens,28610
4/17/2019,PortAventura World,61469
4/17/2019,Tivoli Gardens,31484
4/18/2019,PortAventura World,63702
4/18/2019,Tivoli Gardens,31736
4/19/2019,PortAventura World,61252
4/19/2019,Tivoli Gardens,28761
4/20/2019,PortAventura World,63984
4/20/2019,Tivoli Gardens,29016
4/21/2019,PortAventura World,59853
4/21/2019,Tivoli Gardens,31438
4/22/2019,PortAventura World,52835
4/22/2019,Tivoli Gardens,26182
4/23/2019,PortAventura World,65080
4/23/2019,Tivoli Gardens,29818
4/24/2019,PortAventura World,56153
4/24/2019,Tivoli Gardens,27831
4/25/2019,PortAventura World,47643
4/25/2019,Tivoli Gardens,27069
4/26/2019,PortAventura World,53548
4/26/2019,Tivoli Gardens,25954
4/27/2019,PortAventura World,44958
4/27/2019,Tivoli Gardens,24141
4/28/2019,PortAventura World,39483
4/28/2019,Tivoli Gardens,22564
4/29/2019,PortAventura World,50273
4/29/2019,Tivoli Gardens,22858
4/30/2019,PortAventura World,57215
4/30/2019,Tivoli Gardens,26522
5/1/2019,PortAventura World,56939
5/1/2019,Tivoli Gardens,28775
5/2/2019,PortAventura World,43709
5/2/2019,Tivoli Gardens,22565
5/3/2019,PortAventura World,48140
5/3/2019,Tivoli Gardens,23177
5/4/2019,PortAventura World,40154
5/4/2019,Tivoli Gardens,21568
5/5/2019,PortAventura World,35605
5/5/2019,Tivoli Gardens,19525
5/6/2019,PortAventura World,30545
5/6/2019,Tivoli Gardens,12689
5/7/2019,PortAventura World,33640
5/7/2019,Tivoli Gardens,15558
5/8/2019,PortAventura World,26226
5/8/2019,Tivoli Gardens,15126
5/9/2019,PortAventura World,31218
5/9/2019,Tivoli Gardens,14597
5/10/2019,PortAventura World,29501
5/10/2019,Tivoli Gardens,15472
5/11/2019,PortAventura World,38162
5/11/2019,Tivoli Gardens,20618
5/12/2019,PortAventura World,43272
5/12/2019,Tivoli Gardens,24618
5/13/2019,PortAventura World,34158
5/13/2019,Tivoli Gardens,14243
5/14/2019,PortAventura World,34544
5/14/2019,Tivoli Gardens,16693
5/15/2019,PortAventura World,34548
5/15/2019,Tivoli Gardens,16458
5/16/2019,PortAventura World,38609
5/16/2019,Tivoli Gardens,17592
5/17/2019,PortAventura World,38478
5/17/2019,Tivoli Gardens,17934
5/18/2019,PortAventura World,52973
5/18/2019,Tivoli Gardens,27403
5/19/2019,PortAventura World,34864
5/19/2019,Tivoli Gardens,22959
5/20/2019,PortAventura World,19335
5/20/2019,Tivoli Gardens,15946
5/21/2019,PortAventura World,32923
5/21/2019,Tivoli Gardens,14910
5/22/2019,PortAventura World,34939
5/22/2019,Tivoli Gardens,16124
5/23/2019,PortAventura World,37732
5/23/2019,Tivoli Gardens,17461
5/24/2019,PortAventura World,38899
5/24/2019,Tivoli Gardens,18598
5/25/2019,PortAventura World,50372
5/25/2019,Tivoli Gardens,26572
5/26/2019,PortAventura World,40829
5/26/2019,Tivoli Gardens,23306
5/27/2019,PortAventura World,41258
5/27/2019,Tivoli Gardens,17386
5/28/2019,PortAventura World,38546
5/28/2019,Tivoli Gardens,18194
5/29/2019,PortAventura World,53379
5/29/2019,Tivoli Gardens,24873
5/30/2019,PortAventura World,57816
5/30/2019,Tivoli Gardens,30446
5/31/2019,PortAventura World,76906
5/31/2019,Tivoli Gardens,38512
6/1/2019,PortAventura World,62758
6/1/2019,Tivoli Gardens,36127
6/2/2019,PortAventura World,38657
6/2/2019,Tivoli Gardens,21881
6/3/2019,PortAventura World,35552
6/3/2019,Tivoli Gardens,15919
6/4/2019,PortAventura World,35401
6/4/2019,Tivoli Gardens,17342
6/5/2019,PortAventura World,22292
6/5/2019,Tivoli Gardens,16902
6/6/2019,PortAventura World,46353
6/6/2019,Tivoli Gardens,20424
6/7/2019,PortAventura World,31650
6/7/2019,Tivoli Gardens,17995
6/8/2019,PortAventura World,58737
6/8/2019,Tivoli Gardens,26420
6/9/2019,PortAventura World,65317
6/9/2019,Tivoli Gardens,34799
6/10/2019,PortAventura World,45340
6/10/2019,Tivoli Gardens,23975
6/11/2019,PortAventura World,40891
6/11/2019,Tivoli Gardens,20247
6/12/2019,PortAventura World,36393
6/12/2019,Tivoli Gardens,18957
6/13/2019,PortAventura World,44548
6/13/2019,Tivoli Gardens,21733
6/14/2019,PortAventura World,41605
6/14/2019,Tivoli Gardens,20039
6/15/2019,PortAventura World,61113
6/15/2019,Tivoli Gardens,31729
6/16/2019,PortAventura World,39644
6/16/2019,Tivoli Gardens,26428
6/17/2019,PortAventura World,43484
6/17/2019,Tivoli Gardens,16327
6/18/2019,PortAventura World,43642
6/18/2019,Tivoli Gardens,19827
6/19/2019,PortAventura World,36273
6/19/2019,Tivoli Gardens,17618
6/20/2019,PortAventura World,42419
6/20/2019,Tivoli Gardens,19718
6/21/2019,PortAventura World,52315
6/21/2019,Tivoli Gardens,21964
6/22/2019,PortAventura World,58197
6/22/2019,Tivoli Gardens,27569
6/23/2019,PortAventura World,49349
6/23/2019,Tivoli Gardens,26706
6/24/2019,PortAventura World,51218
6/24/2019,Tivoli Gardens,21355
6/25/2019,PortAventura World,49541
6/25/2019,Tivoli Gardens,22642
6/26/2019,PortAventura World,48378
6/26/2019,Tivoli Gardens,23376
6/27/2019,PortAventura World,49963
6/27/2019,Tivoli Gardens,23735
6/28/2019,PortAventura World,44823
6/28/2019,Tivoli Gardens,22203
6/29/2019,PortAventura World,49626
6/29/2019,Tivoli Gardens,23397
6/30/2019,PortAventura World,50615
6/30/2019,Tivoli Gardens,25214
7/1/2019,PortAventura World,51121
7/1/2019,Tivoli Gardens,21377
7/2/2019,PortAventura World,53008
7/2/2019,Tivoli Gardens,23861
7/3/2019,PortAventura World,50710
7/3/2019,Tivoli Gardens,23598
7/4/2019,PortAventura World,50839
7/4/2019,Tivoli Gardens,24038
7/5/2019,PortAventura World,45844
7/5/2019,Tivoli Gardens,26295
7/6/2019,PortAventura World,57334
7/6/2019,Tivoli Gardens,28897
7/7/2019,PortAventura World,52112
7/7/2019,Tivoli Gardens,30812
7/8/2019,PortAventura World,50665
7/8/2019,Tivoli Gardens,21582
7/9/2019,PortAventura World,54078
7/9/2019,Tivoli Gardens,23854
7/10/2019,PortAventura World,49217
7/10/2019,Tivoli Gardens,23009
7/11/2019,PortAventura World,51124
7/11/2019,Tivoli Gardens,24221
7/12/2019,PortAventura World,46768
7/12/2019,Tivoli Gardens,26532
7/13/2019,PortAventura World,54936
7/13/2019,Tivoli Gardens,24084
7/14/2019,PortAventura World,51575
7/14/2019,Tivoli Gardens,24505
7/15/2019,PortAventura World,46954
7/15/2019,Tivoli Gardens,20312
7/16/2019,PortAventura World,56142
7/16/2019,Tivoli Gardens,25125
7/17/2019,PortAventura World,54130
7/17/2019,Tivoli Gardens,25212
7/18/2019,PortAventura World,51951
7/18/2019,Tivoli Gardens,25531
7/19/2019,PortAventura World,47240
7/19/2019,Tivoli Gardens,21068
7/20/2019,PortAventura World,59714
7/20/2019,Tivoli Gardens,25441
7/21/2019,PortAventura World,52626
7/21/2019,Tivoli Gardens,25367
7/22/2019,PortAventura World,53389
7/22/2019,Tivoli Gardens,22110
7/23/2019,PortAventura World,53037
7/23/2019,Tivoli Gardens,22422
7/24/2019,PortAventura World,46183
7/24/2019,Tivoli Gardens,21185
7/25/2019,PortAventura World,38936
7/25/2019,Tivoli Gardens,17743
7/26/2019,PortAventura World,49861
7/26/2019,Tivoli Gardens,21942
7/27/2019,PortAventura World,49341
7/27/2019,Tivoli Gardens,22341
7/28/2019,PortAventura World,55672
7/28/2019,Tivoli Gardens,27256
7/29/2019,PortAventura World,56132
7/29/2019,Tivoli Gardens,23190
7/30/2019,PortAventura World,57014
7/30/2019,Tivoli Gardens,24572
7/31/2019,PortAventura World,55131
7/31/2019,Tivoli Gardens,25835
8/1/2019,PortAventura World,54248
8/1/2019,Tivoli Gardens,24746
8/2/2019,PortAventura World,46503
8/2/2019,Tivoli Gardens,21951
8/3/2019,PortAventura World,58228
8/3/2019,Tivoli Gardens,24499
8/4/2019,PortAventura World,51596
8/4/2019,Tivoli Gardens,25071
8/5/2019,PortAventura World,61462
8/5/2019,Tivoli Gardens,24633
8/6/2019,PortAventura World,60123
8/6/2019,Tivoli Gardens,25705
8/7/2019,PortAventura World,63269
8/7/2019,Tivoli Gardens,28196
8/8/2019,PortAventura World,72370
8/8/2019,Tivoli Gardens,31266
8/9/2019,PortAventura World,43737
8/9/2019,Tivoli Gardens,21809
8/10/2019,PortAventura World,64884
8/10/2019,Tivoli Gardens,27550
8/11/2019,PortAventura World,55270
8/11/2019,Tivoli Gardens,26665
8/12/2019,PortAventura World,55670
8/12/2019,Tivoli Gardens,24487
8/13/2019,PortAventura World,80642
8/13/2019,Tivoli Gardens,34945
8/14/2019,PortAventura World,63313
8/14/2019,Tivoli Gardens,28300
8/15/2019,PortAventura World,52264
8/15/2019,Tivoli Gardens,25372
8/16/2019,PortAventura World,65095
8/16/2019,Tivoli Gardens,28228
8/17/2019,PortAventura World,44813
8/17/2019,Tivoli Gardens,23446
8/18/2019,PortAventura World,45107
8/18/2019,Tivoli Gardens,22605
8/19/2019,PortAventura World,67589
8/19/2019,Tivoli Gardens,27398
8/20/2019,PortAventura World,69036
8/20/2019,Tivoli Gardens,30348
8/21/2019,PortAventura World,67023
8/21/2019,Tivoli Gardens,29720
8/22/2019,PortAventura World,67094
8/22/2019,Tivoli Gardens,30193
8/23/2019,PortAventura World,57831
8/23/2019,Tivoli Gardens,26513
8/24/2019,PortAventura World,68202
8/24/2019,Tivoli Gardens,29930
8/25/2019,PortAventura World,59389
8/25/2019,Tivoli Gardens,28826
8/26/2019,PortAventura World,55277
8/26/2019,Tivoli Gardens,24431
8/27/2019,PortAventura World,56983
8/27/2019,Tivoli Gardens,25830
8/28/2019,PortAventura World,54958
8/28/2019,Tivoli Gardens,25904
8/29/2019,PortAventura World,60125
8/29/2019,Tivoli Gardens,27226
8/30/2019,PortAventura World,52321
8/30/2019,Tivoli Gardens,23993
8/31/2019,PortAventura World,62434
8/31/2019,Tivoli Gardens,29712
9/1/2019,PortAventura World,47961
9/1/2019,Tivoli Gardens,30238
9/2/2019,PortAventura World,41301
9/2/2019,Tivoli Gardens,14956
9/3/2019,PortAventura World,43508
9/3/2019,Tivoli Gardens,17467
9/4/2019,PortAventura World,41358
9/4/2019,Tivoli Gardens,18189
9/5/2019,PortAventura World,41424
9/5/2019,Tivoli Gardens,18157
9/6/2019,PortAventura World,40299
9/6/2019,Tivoli Gardens,17416
9/7/2019,PortAventura World,56749
9/7/2019,Tivoli Gardens,25478
9/8/2019,PortAventura World,44303
9/8/2019,Tivoli Gardens,24836
9/9/2019,PortAventura World,36037
9/9/2019,Tivoli Gardens,13568
9/10/2019,PortAventura World,34916
9/10/2019,Tivoli Gardens,14742
9/11/2019,PortAventura World,35057
9/11/2019,Tivoli Gardens,15335
9/12/2019,PortAventura World,34557
9/12/2019,Tivoli Gardens,15611
9/13/2019,PortAventura World,40240
9/13/2019,Tivoli Gardens,16061
9/14/2019,PortAventura World,71663
9/14/2019,Tivoli Gardens,32245
9/15/2019,PortAventura World,51071
9/15/2019,Tivoli Gardens,27907
9/16/2019,PortAventura World,33619
9/16/2019,Tivoli Gardens,13777
9/17/2019,PortAventura World,31764
9/17/2019,Tivoli Gardens,14516
9/18/2019,PortAventura World,31807
9/18/2019,Tivoli Gardens,14593
9/19/2019,PortAventura World,30673
9/19/2019,Tivoli Gardens,14105
9/20/2019,PortAventura World,32302
9/20/2019,Tivoli Gardens,13497
9/21/2019,PortAventura World,65766
9/21/2019,Tivoli Gardens,29791
9/22/2019,PortAventura World,36942
9/22/2019,Tivoli Gardens,22055
9/23/2019,PortAventura World,32219
9/23/2019,Tivoli Gardens,13146
9/24/2019,PortAventura World,21960
9/24/2019,Tivoli Gardens,12018
9/25/2019,PortAventura World,22904
9/25/2019,Tivoli Gardens,12133
9/26/2019,PortAventura World,27085
9/26/2019,Tivoli Gardens,12541
9/27/2019,PortAventura World,53195
9/27/2019,Tivoli Gardens,21367
9/28/2019,PortAventura World,64717
9/28/2019,Tivoli Gardens,30136
9/29/2019,PortAventura World,33343
9/29/2019,Tivoli Gardens,22592
9/30/2019,PortAventura World,28027
9/30/2019,Tivoli Gardens,11897
10/1/2019,PortAventura World,18453
10/1/2019,Tivoli Gardens,9021
10/2/2019,PortAventura World,26186
10/2/2019,Tivoli Gardens,10379
10/3/2019,PortAventura World,30820
10/3/2019,Tivoli Gardens,12543
10/4/2019,PortAventura World,57224
10/4/2019,Tivoli Gardens,14517
10/5/2019,PortAventura World,51402
10/5/2019,Tivoli Gardens,22172
10/6/2019,PortAventura World,38424
10/6/2019,Tivoli Gardens,21644
10/7/2019,PortAventura World,36372
10/7/2019,Tivoli Gardens,13983
10/8/2019,PortAventura World,24529
10/8/2019,Tivoli Gardens,12551
10/9/2019,PortAventura World,27279
10/9/2019,Tivoli Gardens,12447
10/10/2019,PortAventura World,34812
10/10/2019,Tivoli Gardens,15367
10/11/2019,PortAventura World,35928
10/11/2019,Tivoli Gardens,15089
10/12/2019,PortAventura World,58539
10/12/2019,Tivoli Gardens,25437
10/13/2019,PortAventura World,54123
10/13/2019,Tivoli Gardens,26996
10/14/2019,PortAventura World,37665
10/14/2019,Tivoli Gardens,14078
10/15/2019,PortAventura World,36461
10/15/2019,Tivoli Gardens,16999
10/16/2019,PortAventura World,30652
10/16/2019,Tivoli Gardens,16064
10/17/2019,PortAventura World,35526
10/17/2019,Tivoli Gardens,16653
10/18/2019,PortAventura World,36948
10/18/2019,Tivoli Gardens,15673
10/19/2019,PortAventura World,48701
10/19/2019,Tivoli Gardens,21027
10/20/2019,PortAventura World,38304
10/20/2019,Tivoli Gardens,23318
10/21/2019,PortAventura World,46848
10/21/2019,Tivoli Gardens,21499
10/22/2019,PortAventura World,52307
10/22/2019,Tivoli Gardens,26172
10/23/2019,PortAventura World,51801
10/23/2019,Tivoli Gardens,27092
10/24/2019,PortAventura World,51839
10/24/2019,Tivoli Gardens,24677
10/25/2019,PortAventura World,48583
10/25/2019,Tivoli Gardens,21178
10/26/2019,PortAventura World,74214
10/26/2019,Tivoli Gardens,26545
10/27/2019,PortAventura World,41984
10/27/2019,Tivoli Gardens,21755
10/28/2019,PortAventura World,54762
10/28/2019,Tivoli Gardens,23181
10/29/2019,PortAventura World,55267
10/29/2019,Tivoli Gardens,24814
10/30/2019,PortAventura World,56027
10/30/2019,Tivoli Gardens,24406
10/31/2019,PortAventura World,72825
10/31/2019,Tivoli Gardens,23305
11/1/2019,PortAventura World,49755
11/1/2019,Tivoli Gardens,24528
11/2/2019,PortAventura World,57619
11/2/2019,Tivoli Gardens,28551
11/3/2019,PortAventura World,38280
11/3/2019,Tivoli Gardens,23198
11/4/2019,PortAventura World,22779
11/4/2019,Tivoli Gardens,12344
11/5/2019,PortAventura World,17075
11/5/2019,Tivoli Gardens,7817
11/6/2019,PortAventura World,18870
11/6/2019,Tivoli Gardens,9466
11/7/2019,PortAventura World,20750
11/7/2019,Tivoli Gardens,9256
11/8/2019,PortAventura World,25364
11/8/2019,Tivoli Gardens,10890
11/9/2019,PortAventura World,53995
11/9/2019,Tivoli Gardens,22275
11/10/2019,PortAventura World,67251
11/10/2019,Tivoli Gardens,33352
11/11/2019,PortAventura World,39912
11/11/2019,Tivoli Gardens,20394
11/12/2019,PortAventura World,28400
11/12/2019,Tivoli Gardens,13364
11/13/2019,PortAventura World,25693
11/13/2019,Tivoli Gardens,11515
11/14/2019,PortAventura World,26259
11/14/2019,Tivoli Gardens,11693
11/15/2019,PortAventura World,24173
11/15/2019,Tivoli Gardens,13316
11/16/2019,PortAventura World,55621
11/16/2019,Tivoli Gardens,25706
11/17/2019,PortAventura World,47251
11/17/2019,Tivoli Gardens,27243
11/18/2019,PortAventura World,25865
11/18/2019,Tivoli Gardens,13918
11/19/2019,PortAventura World,29147
11/19/2019,Tivoli Gardens,14544
11/20/2019,PortAventura World,27630
11/20/2019,Tivoli Gardens,13739
11/21/2019,PortAventura World,26592
11/21/2019,Tivoli Gardens,14252
11/22/2019,PortAventura World,51237
11/22/2019,Tivoli Gardens,33714
11/23/2019,PortAventura World,53678
11/23/2019,Tivoli Gardens,26093
11/24/2019,PortAventura World,50555
11/24/2019,Tivoli Gardens,27467
11/25/2019,PortAventura World,29383
11/25/2019,Tivoli Gardens,14891
11/26/2019,PortAventura World,24100
11/26/2019,Tivoli Gardens,12971
11/27/2019,PortAventura World,21731
11/27/2019,Tivoli Gardens,11219
11/28/2019,PortAventura World,25767
11/28/2019,Tivoli Gardens,12744
11/29/2019,PortAventura World,55331
11/29/2019,Tivoli Gardens,35017
11/30/2019,PortAventura World,60014
11/30/2019,Tivoli Gardens,25212
12/1/2019,PortAventura World,43519
12/1/2019,Tivoli Gardens,23342
12/2/2019,PortAventura World,31301
12/2/2019,Tivoli Gardens,15819
12/3/2019,PortAventura World,25496
12/3/2019,Tivoli Gardens,13643
12/4/2019,PortAventura World,24900
12/4/2019,Tivoli Gardens,13091
12/5/2019,PortAventura World,25649
12/5/2019,Tivoli Gardens,13269
12/6/2019,PortAventura World,47194
12/6/2019,Tivoli Gardens,30297
12/7/2019,PortAventura World,56747
12/7/2019,Tivoli Gardens,23121
12/8/2019,PortAventura World,39819
12/8/2019,Tivoli Gardens,23181
12/9/2019,PortAventura World,26402
12/9/2019,Tivoli Gardens,13225
12/10/2019,PortAventura World,27249
12/10/2019,Tivoli Gardens,12862
12/11/2019,PortAventura World,23359
12/11/2019,Tivoli Gardens,12114
12/12/2019,PortAventura World,26905
12/12/2019,Tivoli Gardens,12148
12/13/2019,PortAventura World,52739
12/13/2019,Tivoli Gardens,13851
12/14/2019,PortAventura World,59334
12/14/2019,Tivoli Gardens,24288
12/15/2019,PortAventura World,48955
12/15/2019,Tivoli Gardens,25025
12/16/2019,PortAventura World,29312
12/16/2019,Tivoli Gardens,15324
12/17/2019,PortAventura World,49853
12/17/2019,Tivoli Gardens,14415
12/18/2019,PortAventura World,38041
12/18/2019,Tivoli Gardens,14106
12/19/2019,PortAventura World,36101
12/19/2019,Tivoli Gardens,13967
12/20/2019,PortAventura World,57672
12/20/2019,Tivoli Gardens,13447
12/21/2019,PortAventura World,45725
12/21/2019,Tivoli Gardens,18729
12/22/2019,PortAventura World,49538
12/22/2019,Tivoli Gardens,23657
12/23/2019,PortAventura World,54043
12/23/2019,Tivoli Gardens,23858
12/24/2019,PortAventura World,46435
12/24/2019,Tivoli Gardens,19611
12/25/2019,PortAventura World,61971
12/25/2019,Tivoli Gardens,27076
12/26/2019,PortAventura World,59816
12/26/2019,Tivoli Gardens,27000
12/27/2019,PortAventura World,68255
12/27/2019,Tivoli Gardens,30380
12/28/2019,PortAventura World,72849
12/28/2019,Tivoli Gardens,33499
12/29/2019,PortAventura World,65991
12/29/2019,Tivoli Gardens,32446
12/30/2019,PortAventura World,76116
12/30/2019,Tivoli Gardens,34008
12/31/2019,PortAventura World,74321
12/31/2019,Tivoli Gardens,31516
1/1/2020,PortAventura World,51759
1/1/2020,Tivoli Gardens,25499
1/2/2020,PortAventura World,64609
1/2/2020,Tivoli Gardens,28816
1/3/2020,PortAventura World,62575
1/3/2020,Tivoli Gardens,31048
1/4/2020,PortAventura World,64796
1/4/2020,Tivoli Gardens,31952
1/5/2020,PortAventura World,43240
1/5/2020,Tivoli Gardens,24298
1/6/2020,PortAventura World,31702
1/6/2020,Tivoli Gardens,16966
1/7/2020,PortAventura World,22944
1/7/2020,Tivoli Gardens,14007
1/8/2020,PortAventura World,20885
1/8/2020,Tivoli Gardens,13266
1/9/2020,PortAventura World,16591
1/9/2020,Tivoli Gardens,11974
1/10/2020,PortAventura World,28901
1/10/2020,Tivoli Gardens,11397
1/11/2020,PortAventura World,77391
1/11/2020,Tivoli Gardens,30716
1/12/2020,PortAventura World,41027
1/12/2020,Tivoli Gardens,27918
1/13/2020,PortAventura World,26946
1/13/2020,Tivoli Gardens,18423
1/14/2020,PortAventura World,18509
1/14/2020,Tivoli Gardens,13274
1/15/2020,PortAventura World,16166
1/15/2020,Tivoli Gardens,11723
1/16/2020,PortAventura World,20196
1/16/2020,Tivoli Gardens,13341
1/17/2020,PortAventura World,18366
1/17/2020,Tivoli Gardens,11642
1/18/2020,PortAventura World,53819
1/18/2020,Tivoli Gardens,32336
1/19/2020,PortAventura World,42895
1/19/2020,Tivoli Gardens,30339
1/20/2020,PortAventura World,23209
1/20/2020,Tivoli Gardens,16178
1/21/2020,PortAventura World,16359
1/21/2020,Tivoli Gardens,10875
1/22/2020,PortAventura World,15295
1/22/2020,Tivoli Gardens,10362
1/23/2020,PortAventura World,16507
1/23/2020,Tivoli Gardens,9777
1/24/2020,PortAventura World,22805
1/24/2020,Tivoli Gardens,14488
1/25/2020,PortAventura World,50495
1/25/2020,Tivoli Gardens,28835
1/26/2020,PortAventura World,40868
1/26/2020,Tivoli Gardens,28170
1/27/2020,PortAventura World,21872
1/27/2020,Tivoli Gardens,16447
1/28/2020,PortAventura World,17521
1/28/2020,Tivoli Gardens,12279
1/29/2020,PortAventura World,18912
1/29/2020,Tivoli Gardens,11649
1/30/2020,PortAventura World,17041
1/30/2020,Tivoli Gardens,11635
1/31/2020,PortAventura World,28014
1/31/2020,Tivoli Gardens,15489
2/1/2020,PortAventura World,45827
2/1/2020,Tivoli Gardens,29971
2/2/2020,PortAventura World,40066
2/2/2020,Tivoli Gardens,26955
2/3/2020,PortAventura World,26825
2/3/2020,Tivoli Gardens,20104
2/4/2020,PortAventura World,20095
2/4/2020,Tivoli Gardens,15658
2/5/2020,PortAventura World,22870
2/5/2020,Tivoli Gardens,14229
2/6/2020,PortAventura World,24583
2/6/2020,Tivoli Gardens,15438
2/7/2020,PortAventura World,27176
2/7/2020,Tivoli Gardens,16691
2/8/2020,PortAventura World,42548
2/8/2020,Tivoli Gardens,25369
2/9/2020,PortAventura World,29619
2/9/2020,Tivoli Gardens,21939
2/10/2020,PortAventura World,22545
2/10/2020,Tivoli Gardens,15949
2/11/2020,PortAventura World,25690
2/11/2020,Tivoli Gardens,16122
2/12/2020,PortAventura World,27694
2/12/2020,Tivoli Gardens,16881
2/13/2020,PortAventura World,20157
2/13/2020,Tivoli Gardens,14534
2/14/2020,PortAventura World,34748
2/14/2020,Tivoli Gardens,19972
2/15/2020,PortAventura World,53473
2/15/2020,Tivoli Gardens,30850
2/16/2020,PortAventura World,42108
2/16/2020,Tivoli Gardens,27858
2/17/2020,PortAventura World,44228
2/17/2020,Tivoli Gardens,24891
2/18/2020,PortAventura World,52586
2/18/2020,Tivoli Gardens,27834
2/19/2020,PortAventura World,46224
2/19/2020,Tivoli Gardens,26513
2/20/2020,PortAventura World,45062
2/20/2020,Tivoli Gardens,26917
2/21/2020,PortAventura World,55100
2/21/2020,Tivoli Gardens,29670
2/22/2020,PortAventura World,62289
2/22/2020,Tivoli Gardens,34860
2/23/2020,PortAventura World,49949
2/23/2020,Tivoli Gardens,31194
2/24/2020,PortAventura World,54960
2/24/2020,Tivoli Gardens,31566
2/25/2020,PortAventura World,45394
2/25/2020,Tivoli Gardens,28191
2/26/2020,PortAventura World,42705
2/26/2020,Tivoli Gardens,25633
2/27/2020,PortAventura World,40827
2/27/2020,Tivoli Gardens,26690
2/28/2020,PortAventura World,42799
2/28/2020,Tivoli Gardens,25256
2/29/2020,PortAventura World,49312
2/29/2020,Tivoli Gardens,31231
3/1/2020,PortAventura World,33187
3/1/2020,Tivoli Gardens,22455
3/2/2020,PortAventura World,28619
3/2/2020,Tivoli Gardens,18637
3/3/2020,PortAventura World,30985
3/3/2020,Tivoli Gardens,18020
3/4/2020,PortAventura World,27113
3/4/2020,Tivoli Gardens,17584
3/5/2020,PortAventura World,22852
3/5/2020,Tivoli Gardens,17111
3/6/2020,PortAventura World,31879
3/6/2020,Tivoli Gardens,18476
3/7/2020,PortAventura World,57804
3/7/2020,Tivoli Gardens,32972
3/8/2020,PortAventura World,33940
3/8/2020,Tivoli Gardens,22717
3/9/2020,PortAventura World,29947
3/9/2020,Tivoli Gardens,18019
3/10/2020,PortAventura World,21736
3/10/2020,Tivoli Gardens,15626
3/11/2020,PortAventura World,20581
3/11/2020,Tivoli Gardens,13217
3/12/2020,PortAventura World,16165
3/12/2020,Tivoli Gardens,12251
3/13/2020,PortAventura World,17885
3/13/2020,Tivoli Gardens,13747
7/8/2020,PortAventura World,-9914
7/9/2020,Tivoli Gardens,-6084
7/10/2020,PortAventura World,-9959
7/10/2020,Tivoli Gardens,-6102
7/11/2020,PortAventura World,-4108
7/11/2020,Tivoli Gardens,-1653
7/12/2020,PortAventura World,-3004
7/12/2020,Tivoli Gardens,-984
7/13/2020,PortAventura World,4693
7/13/2020,Tivoli Gardens,3030
7/14/2020,PortAventura World,4054
7/14/2020,Tivoli Gardens,3761
7/15/2020,PortAventura World,124
7/15/2020,Tivoli Gardens,-564
7/16/2020,PortAventura World,1690
7/16/2020,Tivoli Gardens,862
7/17/2020,PortAventura World,1305
7/17/2020,Tivoli Gardens,645
7/18/2020,PortAventura World,3159
7/18/2020,Tivoli Gardens,1378
7/19/2020,PortAventura World,2586
7/19/2020,Tivoli Gardens,1763
7/20/2020,PortAventura World,2150
7/20/2020,Tivoli Gardens,556
7/21/2020,PortAventura World,1883
7/21/2020,Tivoli Gardens,1151
7/22/2020,PortAventura World,1828
7/22/2020,Tivoli Gardens,1024
7/23/2020,PortAventura World,1382
7/23/2020,Tivoli Gardens,543
7/24/2020,PortAventura World,1742
7/24/2020,Tivoli Gardens,993
7/25/2020,PortAventura World,8809
7/25/2020,Tivoli Gardens,4593
7/26/2020,PortAventura World,7452
7/26/2020,Tivoli Gardens,4410
7/27/2020,PortAventura World,5566
7/27/2020,Tivoli Gardens,2463
7/28/2020,PortAventura World,6734
7/28/2020,Tivoli Gardens,3702
7/29/2020,PortAventura World,5653
7/29/2020,Tivoli Gardens,3141
7/30/2020,PortAventura World,3999
7/30/2020,Tivoli Gardens,2220
7/31/2020,PortAventura World,192
7/31/2020,Tivoli Gardens,-63
8/1/2020,PortAventura World,7025
8/1/2020,Tivoli Gardens,3632
8/2/2020,PortAventura World,7690
8/2/2020,Tivoli Gardens,4516
8/3/2020,PortAventura World,9932
8/3/2020,Tivoli Gardens,4482
8/4/2020,PortAventura World,15666
8/4/2020,Tivoli Gardens,8288
8/5/2020,PortAventura World,12859
8/5/2020,Tivoli Gardens,7181
8/6/2020,PortAventura World,11211
8/6/2020,Tivoli Gardens,6069
8/7/2020,PortAventura World,5423
8/7/2020,Tivoli Gardens,2792
8/8/2020,PortAventura World,9103
8/8/2020,Tivoli Gardens,4226
8/9/2020,PortAventura World,7228
8/9/2020,Tivoli Gardens,4248
8/10/2020,PortAventura World,9049
8/10/2020,Tivoli Gardens,4071
8/11/2020,PortAventura World,9714
8/11/2020,Tivoli Gardens,5245
8/12/2020,PortAventura World,8320
8/12/2020,Tivoli Gardens,4445
8/13/2020,PortAventura World,8807
8/13/2020,Tivoli Gardens,4763
8/14/2020,PortAventura World,6441
8/14/2020,Tivoli Gardens,3243
8/15/2020,PortAventura World,14284
8/15/2020,Tivoli Gardens,6805
8/16/2020,PortAventura World,6852
8/16/2020,Tivoli Gardens,4315
8/17/2020,PortAventura World,7999
8/17/2020,Tivoli Gardens,4157
8/18/2020,PortAventura World,12865
8/18/2020,Tivoli Gardens,6388
8/19/2020,PortAventura World,10407
8/19/2020,Tivoli Gardens,5890
8/20/2020,PortAventura World,14843
8/20/2020,Tivoli Gardens,7263
8/21/2020,PortAventura World,7237
8/21/2020,Tivoli Gardens,3625
8/22/2020,PortAventura World,13722
8/22/2020,Tivoli Gardens,7087
8/23/2020,PortAventura World,9899
8/23/2020,Tivoli Gardens,6384
8/24/2020,PortAventura World,8526
8/24/2020,Tivoli Gardens,4209
8/25/2020,PortAventura World,7525
8/25/2020,Tivoli Gardens,4263
8/26/2020,PortAventura World,9656
8/26/2020,Tivoli Gardens,4669
8/27/2020,PortAventura World,10933
8/27/2020,Tivoli Gardens,5703
8/28/2020,PortAventura World,6132
8/28/2020,Tivoli Gardens,3508
8/29/2020,PortAventura World,12490
8/29/2020,Tivoli Gardens,7136
8/30/2020,PortAventura World,6948
8/30/2020,Tivoli Gardens,5899
8/31/2020,PortAventura World,1093
8/31/2020,Tivoli Gardens,936
9/1/2020,PortAventura World,-792
9/1/2020,Tivoli Gardens,-321
9/2/2020,PortAventura World,883
9/2/2020,Tivoli Gardens,870
9/3/2020,PortAventura World,-788
9/3/2020,Tivoli Gardens,1
9/4/2020,PortAventura World,-755
9/4/2020,Tivoli Gardens,-399
9/5/2020,PortAventura World,13183
9/5/2020,Tivoli Gardens,7206
9/6/2020,PortAventura World,7996
9/6/2020,Tivoli Gardens,5989
9/7/2020,PortAventura World,-844
9/7/2020,Tivoli Gardens,-375
9/8/2020,PortAventura World,246
9/8/2020,Tivoli Gardens,700
9/9/2020,PortAventura World,1764
9/9/2020,Tivoli Gardens,1285
9/10/2020,PortAventura World,344
9/10/2020,Tivoli Gardens,739
9/11/2020,PortAventura World,3
9/11/2020,Tivoli Gardens,495
9/12/2020,PortAventura World,15733
9/12/2020,Tivoli Gardens,8333
9/13/2020,PortAventura World,11547
9/13/2020,Tivoli Gardens,7633
9/14/2020,PortAventura World,-2474
9/14/2020,Tivoli Gardens,-1004
9/15/2020,PortAventura World,-2571
9/15/2020,Tivoli Gardens,-912
9/16/2020,PortAventura World,-699
9/16/2020,Tivoli Gardens,-274
9/17/2020,PortAventura World,-2049
9/17/2020,Tivoli Gardens,-702
9/18/2020,PortAventura World,-1505
9/18/2020,Tivoli Gardens,-551
9/19/2020,PortAventura World,15137
9/19/2020,Tivoli Gardens,7437
9/20/2020,PortAventura World,11071
9/20/2020,Tivoli Gardens,7632
9/21/2020,PortAventura World,-1129
9/21/2020,Tivoli Gardens,-187
9/22/2020,PortAventura World,-1685
9/22/2020,Tivoli Gardens,-512
9/23/2020,PortAventura World,-1630
9/23/2020,Tivoli Gardens,-673
9/24/2020,PortAventura World,-3700
9/24/2020,Tivoli Gardens,-1765
9/25/2020,PortAventura World,-3076
9/25/2020,Tivoli Gardens,-1261
9/26/2020,PortAventura World,16343
9/26/2020,Tivoli Gardens,7690
9/27/2020,PortAventura World,7644
9/27/2020,Tivoli Gardens,5463
9/28/2020,PortAventura World,-1790
9/28/2020,Tivoli Gardens,-202
9/29/2020,PortAventura World,-2336
9/29/2020,Tivoli Gardens,-665
9/30/2020,PortAventura World,586
9/30/2020,Tivoli Gardens,581
10/1/2020,PortAventura World,-3979
10/1/2020,Tivoli Gardens,-1706
10/2/2020,PortAventura World,-3986
10/2/2020,Tivoli Gardens,-1987
10/3/2020,PortAventura World,10612
10/3/2020,Tivoli Gardens,4601
10/4/2020,PortAventura World,6516
10/4/2020,Tivoli Gardens,4113
10/5/2020,PortAventura World,-2191
10/5/2020,Tivoli Gardens,-2324
10/6/2020,PortAventura World,-2444
10/6/2020,Tivoli Gardens,-2519
10/7/2020,PortAventura World,1743
10/7/2020,Tivoli Gardens,-1090
10/8/2020,PortAventura World,-613
10/8/2020,Tivoli Gardens,-1970
10/9/2020,PortAventura World,-261
10/9/2020,Tivoli Gardens,-1796
10/10/2020,PortAventura World,17700
10/10/2020,Tivoli Gardens,7852
10/11/2020,PortAventura World,14048
10/11/2020,Tivoli Gardens,8406
10/12/2020,PortAventura World,2873
10/12/2020,Tivoli Gardens,-640
10/13/2020,PortAventura World,-1083
10/13/2020,Tivoli Gardens,-1785
10/14/2020,PortAventura World,3283
10/14/2020,Tivoli Gardens,-423
10/15/2020,PortAventura World,1397
10/15/2020,Tivoli Gardens,-872
10/16/2020,PortAventura World,4204
10/16/2020,Tivoli Gardens,-332
10/17/2020,PortAventura World,15349
10/17/2020,Tivoli Gardens,6262
10/18/2020,PortAventura World,15902
10/18/2020,Tivoli Gardens,8183
10/19/2020,PortAventura World,12654
10/19/2020,Tivoli Gardens,5275
10/20/2020,PortAventura World,8348
10/20/2020,Tivoli Gardens,4184
10/21/2020,PortAventura World,10222
10/21/2020,Tivoli Gardens,5666
10/22/2020,PortAventura World,10804
10/22/2020,Tivoli Gardens,5891
10/23/2020,PortAventura World,11954
10/23/2020,Tivoli Gardens,5489
10/24/2020,PortAventura World,17324
10/24/2020,Tivoli Gardens,7414
10/25/2020,PortAventura World,12646
10/25/2020,Tivoli Gardens,7713
10/26/2020,PortAventura World,16448
10/26/2020,Tivoli Gardens,6128
10/27/2020,PortAventura World,9942
10/27/2020,Tivoli Gardens,4749
10/28/2020,PortAventura World,8917
10/28/2020,Tivoli Gardens,3774
10/29/2020,PortAventura World,12539
10/29/2020,Tivoli Gardens,5058
11/25/2020,Tivoli Gardens,-6105
12/10/2020,Tivoli Gardens,-6105
2/4/2021,PortAventura World,-9991
2/4/2021,Tivoli Gardens,-6105
3/9/2021,Tivoli Gardens,-6105
3/10/2021,Tivoli Gardens,-6102
3/11/2021,Tivoli Gardens,-6105
3/16/2021,Tivoli Gardens,-6104
3/25/2021,Tivoli Gardens,-6101
4/12/2021,Tivoli Gardens,-6104
5/11/2021,Tivoli Gardens,-6103
6/1/2021,PortAventura World,-9988
6/2/2021,PortAventura World,-9975
6/3/2021,PortAventura World,-9988
6/3/2021,Tivoli Gardens,-6105
6/4/2021,PortAventura World,-9985
6/7/2021,PortAventura World,-9990
6/11/2021,PortAventura World,-9962
6/11/2021,Tivoli Gardens,-6104
6/12/2021,PortAventura World,-9944
6/13/2021,PortAventura World,-9987
6/13/2021,Tivoli Gardens,-6098
6/14/2021,PortAventura World,-9955
6/15/2021,PortAventura World,4659
6/15/2021,Tivoli Gardens,3379
6/16/2021,PortAventura World,5140
6/16/2021,Tivoli Gardens,4162
6/17/2021,PortAventura World,6920
6/17/2021,Tivoli Gardens,1762
6/18/2021,PortAventura World,9663
6/18/2021,Tivoli Gardens,3977
6/19/2021,PortAventura World,14669
6/19/2021,Tivoli Gardens,6392
6/20/2021,PortAventura World,11292
6/20/2021,Tivoli Gardens,6220
6/21/2021,PortAventura World,9268
6/21/2021,Tivoli Gardens,3833
6/22/2021,PortAventura World,7324
6/22/2021,Tivoli Gardens,3109
6/23/2021,PortAventura World,13187
6/23/2021,Tivoli Gardens,5587
6/24/2021,PortAventura World,12200
6/24/2021,Tivoli Gardens,5237
6/25/2021,PortAventura World,13144
6/25/2021,Tivoli Gardens,5167
6/26/2021,PortAventura World,16211
6/26/2021,Tivoli Gardens,7213
6/27/2021,PortAventura World,12621
6/27/2021,Tivoli Gardens,7164
6/28/2021,PortAventura World,14821
6/28/2021,Tivoli Gardens,6049
6/29/2021,PortAventura World,12412
6/29/2021,Tivoli Gardens,5858
6/30/2021,PortAventura World,15588
6/30/2021,Tivoli Gardens,6095
7/1/2021,PortAventura World,10447
7/1/2021,Tivoli Gardens,4677
7/2/2021,PortAventura World,12526
7/2/2021,Tivoli Gardens,6306
7/3/2021,PortAventura World,21738
7/3/2021,Tivoli Gardens,9339
7/4/2021,PortAventura World,16937
7/4/2021,Tivoli Gardens,9728
7/5/2021,PortAventura World,12321
7/5/2021,Tivoli Gardens,5663
7/6/2021,PortAventura World,13004
7/6/2021,Tivoli Gardens,6061
7/7/2021,PortAventura World,13788
7/7/2021,Tivoli Gardens,5591
7/8/2021,PortAventura World,14430
7/8/2021,Tivoli Gardens,6796
7/9/2021,PortAventura World,14665
7/9/2021,Tivoli Gardens,6592
7/10/2021,PortAventura World,21000
7/10/2021,Tivoli Gardens,8531
7/11/2021,PortAventura World,23814
7/11/2021,Tivoli Gardens,11386
7/12/2021,PortAventura World,15673
7/12/2021,Tivoli Gardens,6700
7/13/2021,PortAventura World,12825
7/13/2021,Tivoli Gardens,6566
7/14/2021,PortAventura World,19521
7/14/2021,Tivoli Gardens,9132
7/15/2021,PortAventura World,21477
7/15/2021,Tivoli Gardens,10795
7/16/2021,PortAventura World,22833
7/16/2021,Tivoli Gardens,10921
7/17/2021,PortAventura World,25040
7/17/2021,Tivoli Gardens,11197
7/18/2021,PortAventura World,23712
7/18/2021,Tivoli Gardens,11909
7/19/2021,PortAventura World,23789
7/19/2021,Tivoli Gardens,10566
7/20/2021,PortAventura World,24462
7/20/2021,Tivoli Gardens,10829
7/21/2021,PortAventura World,19904
7/21/2021,Tivoli Gardens,9191
7/22/2021,PortAventura World,19703
7/22/2021,Tivoli Gardens,9512
7/23/2021,PortAventura World,16569
7/23/2021,Tivoli Gardens,7513
7/24/2021,PortAventura World,20507
7/24/2021,Tivoli Gardens,9105
7/25/2021,PortAventura World,17566
7/25/2021,Tivoli Gardens,9226
7/26/2021,PortAventura World,15573
7/26/2021,Tivoli Gardens,7298
7/27/2021,PortAventura World,16266
7/27/2021,Tivoli Gardens,8400
7/28/2021,PortAventura World,22995
7/28/2021,Tivoli Gardens,10397
7/29/2021,PortAventura World,22849
7/29/2021,Tivoli Gardens,10087
7/30/2021,PortAventura World,17458
7/30/2021,Tivoli Gardens,7747
7/31/2021,PortAventura World,24262
7/31/2021,Tivoli Gardens,10171
8/1/2021,PortAventura World,21262
8/1/2021,Tivoli Gardens,10864
8/2/2021,PortAventura World,18592
8/2/2021,Tivoli Gardens,8134
8/3/2021,PortAventura World,22852
8/3/2021,Tivoli Gardens,10040
8/4/2021,PortAventura World,22441
8/4/2021,Tivoli Gardens,10353
8/5/2021,PortAventura World,24298
8/5/2021,Tivoli Gardens,11189
8/6/2021,PortAventura World,20393
8/6/2021,Tivoli Gardens,8938
8/7/2021,PortAventura World,20798
8/7/2021,Tivoli Gardens,8957
8/8/2021,PortAventura World,23718
8/8/2021,Tivoli Gardens,11239
8/9/2021,PortAventura World,23879
8/9/2021,Tivoli Gardens,9511
8/10/2021,PortAventura World,26002
8/10/2021,Tivoli Gardens,10560
8/11/2021,PortAventura World,26141
8/11/2021,Tivoli Gardens,11838
8/12/2021,PortAventura World,26155
8/12/2021,Tivoli Gardens,11306
8/13/2021,PortAventura World,24138
8/13/2021,Tivoli Gardens,10677
8/14/2021,PortAventura World,24114
8/14/2021,Tivoli Gardens,9720
8/15/2021,PortAventura World,22807
8/15/2021,Tivoli Gardens,10084
8/16/2021,PortAventura World,25195
8/16/2021,Tivoli Gardens,10991
8/17/2021,PortAventura World,26804
8/17/2021,Tivoli Gardens,11785
8/18/2021,PortAventura World,25491
8/18/2021,Tivoli Gardens,11987
8/19/2021,PortAventura World,26821
8/19/2021,Tivoli Gardens,12219
8/20/2021,PortAventura World,26533
8/20/2021,Tivoli Gardens,11681
8/21/2021,PortAventura World,27518
8/21/2021,Tivoli Gardens,11819
8/22/2021,PortAventura World,25742
8/22/2021,Tivoli Gardens,12196
8/23/2021,PortAventura World,24038
8/23/2021,Tivoli Gardens,10540
8/24/2021,PortAventura World,26061
8/24/2021,Tivoli Gardens,11316
8/25/2021,PortAventura World,26400
8/25/2021,Tivoli Gardens,11644
8/26/2021,PortAventura World,25680
8/26/2021,Tivoli Gardens,11721
8/27/2021,PortAventura World,25654
8/27/2021,Tivoli Gardens,11791
8/28/2021,PortAventura World,27710
8/28/2021,Tivoli Gardens,11823
8/29/2021,PortAventura World,28208
8/29/2021,Tivoli Gardens,13279
8/30/2021,PortAventura World,23686
8/30/2021,Tivoli Gardens,11344
8/31/2021,PortAventura World,21575
8/31/2021,Tivoli Gardens,11237
9/1/2021,PortAventura World,20562
9/1/2021,Tivoli Gardens,7612
9/2/2021,PortAventura World,15912
9/2/2021,Tivoli Gardens,7785
9/3/2021,PortAventura World,15477
9/3/2021,Tivoli Gardens,7153
9/4/2021,PortAventura World,24515
9/4/2021,Tivoli Gardens,10926
9/5/2021,PortAventura World,23978
9/5/2021,Tivoli Gardens,12132
9/6/2021,PortAventura World,14073
9/6/2021,Tivoli Gardens,5737
9/7/2021,PortAventura World,14192
9/7/2021,Tivoli Gardens,7574
9/8/2021,PortAventura World,15612
9/8/2021,Tivoli Gardens,7768
9/9/2021,PortAventura World,12965
9/9/2021,Tivoli Gardens,6185
9/10/2021,PortAventura World,11420
9/10/2021,Tivoli Gardens,6053
9/11/2021,PortAventura World,27877
9/11/2021,Tivoli Gardens,10479
9/12/2021,PortAventura World,23777
9/12/2021,Tivoli Gardens,13228
9/13/2021,PortAventura World,11497
9/13/2021,Tivoli Gardens,5095
9/14/2021,PortAventura World,7246
9/14/2021,Tivoli Gardens,4233
9/15/2021,PortAventura World,7552
9/15/2021,Tivoli Gardens,4009
9/16/2021,PortAventura World,11839
9/16/2021,Tivoli Gardens,5189
9/17/2021,PortAventura World,13965
9/17/2021,Tivoli Gardens,6492
9/18/2021,PortAventura World,30472
9/18/2021,Tivoli Gardens,12118
9/19/2021,PortAventura World,24442
9/19/2021,Tivoli Gardens,13382
9/20/2021,PortAventura World,9549
9/20/2021,Tivoli Gardens,4875
9/21/2021,PortAventura World,9999
9/21/2021,Tivoli Gardens,4816
9/22/2021,PortAventura World,11646
9/22/2021,Tivoli Gardens,5152
9/23/2021,PortAventura World,10973
9/23/2021,Tivoli Gardens,4954
9/24/2021,PortAventura World,13846
9/24/2021,Tivoli Gardens,6121
9/25/2021,PortAventura World,34072
9/25/2021,Tivoli Gardens,12616
9/26/2021,PortAventura World,30831
9/26/2021,Tivoli Gardens,16043
9/27/2021,PortAventura World,19327
9/27/2021,Tivoli Gardens,10248
9/28/2021,PortAventura World,8601
9/28/2021,Tivoli Gardens,4283
9/29/2021,PortAventura World,7739
9/29/2021,Tivoli Gardens,2181
9/30/2021,PortAventura World,6973
9/30/2021,Tivoli Gardens,2144
10/1/2021,PortAventura World,9949
10/1/2021,Tivoli Gardens,4580
10/2/2021,PortAventura World,25758
10/2/2021,Tivoli Gardens,13964
10/3/2021,PortAventura World,20059
10/3/2021,Tivoli Gardens,11636
10/4/2021,PortAventura World,14537
10/4/2021,Tivoli Gardens,6826
10/5/2021,PortAventura World,8225
10/5/2021,Tivoli Gardens,5420
10/6/2021,PortAventura World,10922
10/6/2021,Tivoli Gardens,4924
10/7/2021,PortAventura World,11402
10/7/2021,Tivoli Gardens,5244
10/8/2021,PortAventura World,15394
10/8/2021,Tivoli Gardens,6925
10/9/2021,PortAventura World,33895
10/9/2021,Tivoli Gardens,13441
10/10/2021,PortAventura World,31308
10/10/2021,Tivoli Gardens,14755
10/11/2021,PortAventura World,21404
10/11/2021,Tivoli Gardens,9957
10/12/2021,PortAventura World,18217
10/12/2021,Tivoli Gardens,8641
10/13/2021,PortAventura World,18283
10/13/2021,Tivoli Gardens,9021
10/14/2021,PortAventura World,18460
10/14/2021,Tivoli Gardens,8633
10/15/2021,PortAventura World,20139
10/15/2021,Tivoli Gardens,9696
10/16/2021,PortAventura World,30933
10/16/2021,Tivoli Gardens,13490
10/17/2021,PortAventura World,27902
10/17/2021,Tivoli Gardens,14125
10/18/2021,PortAventura World,26731
10/18/2021,Tivoli Gardens,11007
10/19/2021,PortAventura World,25396
10/19/2021,Tivoli Gardens,11309
10/20/2021,PortAventura World,20702
10/20/2021,Tivoli Gardens,10038
10/21/2021,PortAventura World,17227
10/21/2021,Tivoli Gardens,8518
10/22/2021,PortAventura World,26524
10/22/2021,Tivoli Gardens,10790
10/23/2021,PortAventura World,34165
10/23/2021,Tivoli Gardens,13952
10/24/2021,PortAventura World,34149
10/24/2021,Tivoli Gardens,17124
10/25/2021,PortAventura World,31917
10/25/2021,Tivoli Gardens,15114
10/26/2021,PortAventura World,35839
10/26/2021,Tivoli Gardens,16522
10/27/2021,PortAventura World,35953
10/27/2021,Tivoli Gardens,17279
10/28/2021,PortAventura World,36505
10/28/2021,Tivoli Gardens,18234
10/29/2021,PortAventura World,33591
10/29/2021,Tivoli Gardens,16290
10/30/2021,PortAventura World,33960
10/30/2021,Tivoli Gardens,16133
10/31/2021,PortAventura World,64351
10/31/2021,Tivoli Gardens,22672
11/1/2021,PortAventura World,33525
11/1/2021,Tivoli Gardens,16397
11/2/2021,PortAventura World,37095
11/2/2021,Tivoli Gardens,15893
11/3/2021,PortAventura World,33381
11/3/2021,Tivoli Gardens,16206
11/4/2021,PortAventura World,35740
11/4/2021,Tivoli Gardens,16289
11/5/2021,PortAventura World,35332
11/5/2021,Tivoli Gardens,15777
11/6/2021,PortAventura World,37330
11/6/2021,Tivoli Gardens,18204
11/7/2021,PortAventura World,25281
11/7/2021,Tivoli Gardens,14111
11/8/2021,PortAventura World,16792
11/8/2021,Tivoli Gardens,8293
11/9/2021,PortAventura World,17310
11/9/2021,Tivoli Gardens,8446
11/10/2021,PortAventura World,18786
11/10/2021,Tivoli Gardens,9869
11/11/2021,PortAventura World,29867
11/11/2021,Tivoli Gardens,13994
11/12/2021,PortAventura World,35859
11/12/2021,Tivoli Gardens,17391
11/13/2021,PortAventura World,43115
11/13/2021,Tivoli Gardens,19570
11/14/2021,PortAventura World,29659
11/14/2021,Tivoli Gardens,16780
11/15/2021,PortAventura World,20671
11/15/2021,Tivoli Gardens,9339
11/16/2021,PortAventura World,16841
11/16/2021,Tivoli Gardens,8201
11/17/2021,PortAventura World,16597
11/17/2021,Tivoli Gardens,7773
11/18/2021,PortAventura World,22334
11/18/2021,Tivoli Gardens,7627
11/19/2021,PortAventura World,41718
11/19/2021,Tivoli Gardens,23525
11/20/2021,PortAventura World,41774
11/20/2021,Tivoli Gardens,17576
11/21/2021,PortAventura World,27969
11/21/2021,Tivoli Gardens,16836
11/22/2021,PortAventura World,19906
11/22/2021,Tivoli Gardens,8970
11/23/2021,PortAventura World,18330
11/23/2021,Tivoli Gardens,8572
11/24/2021,PortAventura World,17660
11/24/2021,Tivoli Gardens,8515
11/25/2021,PortAventura World,17152
11/25/2021,Tivoli Gardens,8071
11/26/2021,PortAventura World,30485
11/26/2021,Tivoli Gardens,19609
11/27/2021,PortAventura World,37766
11/27/2021,Tivoli Gardens,14840
11/28/2021,PortAventura World,31752
11/28/2021,Tivoli Gardens,16275
11/29/2021,PortAventura World,21981
11/29/2021,Tivoli Gardens,9101
11/30/2021,PortAventura World,31914
11/30/2021,Tivoli Gardens,17777
12/1/2021,PortAventura World,18258
12/1/2021,Tivoli Gardens,7797
12/2/2021,PortAventura World,21425
12/2/2021,Tivoli Gardens,10027
12/3/2021,PortAventura World,34105
12/3/2021,Tivoli Gardens,19011
12/4/2021,PortAventura World,38735
12/4/2021,Tivoli Gardens,15497
12/5/2021,PortAventura World,33126
12/5/2021,Tivoli Gardens,18772
12/6/2021,PortAventura World,32073
12/6/2021,Tivoli Gardens,12004
12/7/2021,PortAventura World,39586
12/7/2021,Tivoli Gardens,22823
12/8/2021,PortAventura World,38162
12/8/2021,Tivoli Gardens,11077
12/9/2021,PortAventura World,22261
12/9/2021,Tivoli Gardens,9684
12/10/2021,PortAventura World,41937
12/10/2021,Tivoli Gardens,18989
12/11/2021,PortAventura World,45727
12/11/2021,Tivoli Gardens,20377
12/12/2021,PortAventura World,35573
12/12/2021,Tivoli Gardens,20671
12/13/2021,PortAventura World,34086
12/13/2021,Tivoli Gardens,12366
12/14/2021,PortAventura World,30394
12/14/2021,Tivoli Gardens,11626
12/15/2021,PortAventura World,35450
12/15/2021,Tivoli Gardens,11709
12/16/2021,PortAventura World,31831
12/16/2021,Tivoli Gardens,10878
12/17/2021,PortAventura World,47050
12/17/2021,Tivoli Gardens,23954
12/18/2021,PortAventura World,36725
12/18/2021,Tivoli Gardens,15639
12/19/2021,PortAventura World,36456
12/19/2021,Tivoli Gardens,18811
12/20/2021,PortAventura World,34070
12/20/2021,Tivoli Gardens,16088
12/21/2021,PortAventura World,41600
12/21/2021,Tivoli Gardens,17660
12/22/2021,PortAventura World,34127
12/22/2021,Tivoli Gardens,15484
12/23/2021,PortAventura World,33230
12/23/2021,Tivoli Gardens,15316
12/24/2021,PortAventura World,24625
12/24/2021,Tivoli Gardens,10545
12/25/2021,PortAventura World,39941
12/25/2021,Tivoli Gardens,16104
12/26/2021,PortAventura World,36766
12/26/2021,Tivoli Gardens,17266
12/27/2021,PortAventura World,44239
12/27/2021,Tivoli Gardens,19854
12/28/2021,PortAventura World,49787
12/28/2021,Tivoli Gardens,21857
12/29/2021,PortAventura World,45147
12/29/2021,Tivoli Gardens,21497
12/30/2021,PortAventura World,45538
12/30/2021,Tivoli Gardens,20689
12/31/2021,PortAventura World,55348
12/31/2021,Tivoli Gardens,25313
1/1/2022,PortAventura World,44021
1/1/2022,Tivoli Gardens,20475
1/2/2022,PortAventura World,33435
1/2/2022,Tivoli Gardens,16781
1/3/2022,PortAventura World,27703
1/3/2022,Tivoli Gardens,10236
1/4/2022,PortAventura World,23785
1/4/2022,Tivoli Gardens,10714
1/5/2022,PortAventura World,31108
1/5/2022,Tivoli Gardens,11982
1/6/2022,PortAventura World,28293
1/6/2022,Tivoli Gardens,12153
1/7/2022,PortAventura World,22901
1/7/2022,Tivoli Gardens,10812
1/8/2022,PortAventura World,36504
1/8/2022,Tivoli Gardens,14869
1/9/2022,PortAventura World,29969
1/9/2022,Tivoli Gardens,14996
1/10/2022,PortAventura World,17262
1/10/2022,Tivoli Gardens,9188
1/11/2022,PortAventura World,11731
1/11/2022,Tivoli Gardens,6328
1/12/2022,PortAventura World,11946
1/12/2022,Tivoli Gardens,5851
1/13/2022,PortAventura World,12218
1/13/2022,Tivoli Gardens,6391
1/14/2022,PortAventura World,10204
1/14/2022,Tivoli Gardens,7333
1/15/2022,PortAventura World,35765
1/15/2022,Tivoli Gardens,20470
1/16/2022,PortAventura World,18347
1/16/2022,Tivoli Gardens,10828
1/17/2022,PortAventura World,9960
1/17/2022,Tivoli Gardens,5394
1/18/2022,PortAventura World,6530
1/18/2022,Tivoli Gardens,3414
1/19/2022,PortAventura World,4774
1/19/2022,Tivoli Gardens,2608
1/20/2022,PortAventura World,6610
1/20/2022,Tivoli Gardens,3462
1/21/2022,PortAventura World,7693
1/21/2022,Tivoli Gardens,4107
1/22/2022,PortAventura World,23125
1/22/2022,Tivoli Gardens,10699
1/23/2022,PortAventura World,19449
1/23/2022,Tivoli Gardens,12287
1/24/2022,PortAventura World,9224
1/24/2022,Tivoli Gardens,5020
1/25/2022,PortAventura World,4994
1/25/2022,Tivoli Gardens,3124
1/26/2022,PortAventura World,5159
1/26/2022,Tivoli Gardens,2857
1/27/2022,PortAventura World,6064
1/27/2022,Tivoli Gardens,3365
1/28/2022,PortAventura World,8421
1/28/2022,Tivoli Gardens,4449
1/29/2022,PortAventura World,19914
1/29/2022,Tivoli Gardens,10746
1/30/2022,PortAventura World,20935
1/30/2022,Tivoli Gardens,12987
1/31/2022,PortAventura World,10296
1/31/2022,Tivoli Gardens,5816
2/1/2022,PortAventura World,5947
2/1/2022,Tivoli Gardens,3702
2/2/2022,PortAventura World,7797
2/2/2022,Tivoli Gardens,4140
2/3/2022,PortAventura World,9986
2/3/2022,Tivoli Gardens,5041
2/4/2022,PortAventura World,10322
2/4/2022,Tivoli Gardens,6094
2/5/2022,PortAventura World,23032
2/5/2022,Tivoli Gardens,12030
2/6/2022,PortAventura World,19203
2/6/2022,Tivoli Gardens,14030
2/7/2022,PortAventura World,22073
2/7/2022,Tivoli Gardens,13159
2/8/2022,PortAventura World,19537
2/8/2022,Tivoli Gardens,13110
2/9/2022,PortAventura World,20363
2/9/2022,Tivoli Gardens,12621
2/10/2022,PortAventura World,16755
2/10/2022,Tivoli Gardens,11819
2/11/2022,PortAventura World,18223
2/11/2022,Tivoli Gardens,11406
2/12/2022,PortAventura World,30480
2/12/2022,Tivoli Gardens,16751
2/13/2022,PortAventura World,27346
2/13/2022,Tivoli Gardens,17566
2/14/2022,PortAventura World,23314
2/14/2022,Tivoli Gardens,12788
2/15/2022,PortAventura World,22964
2/15/2022,Tivoli Gardens,13572
2/16/2022,PortAventura World,23383
2/16/2022,Tivoli Gardens,13159
2/17/2022,PortAventura World,28747
2/17/2022,Tivoli Gardens,14737
2/18/2022,PortAventura World,22089
2/18/2022,Tivoli Gardens,13201
2/19/2022,PortAventura World,32228
2/19/2022,Tivoli Gardens,16433
2/20/2022,PortAventura World,24807
2/20/2022,Tivoli Gardens,14669
2/21/2022,PortAventura World,21691
2/21/2022,Tivoli Gardens,10711
2/22/2022,PortAventura World,23205
2/22/2022,Tivoli Gardens,12616
2/23/2022,PortAventura World,29166
2/23/2022,Tivoli Gardens,13926
2/24/2022,PortAventura World,23557
2/24/2022,Tivoli Gardens,12689
2/25/2022,PortAventura World,28304
2/25/2022,Tivoli Gardens,14103
2/26/2022,PortAventura World,37074
2/26/2022,Tivoli Gardens,18078
2/27/2022,PortAventura World,34293
2/27/2022,Tivoli Gardens,18291
2/28/2022,PortAventura World,36332
2/28/2022,Tivoli Gardens,17941
3/1/2022,PortAventura World,29722
3/1/2022,Tivoli Gardens,15115
3/2/2022,PortAventura World,28665
3/2/2022,Tivoli Gardens,15569
3/3/2022,PortAventura World,32735
3/3/2022,Tivoli Gardens,17439
3/4/2022,PortAventura World,30997
3/4/2022,Tivoli Gardens,15952
3/5/2022,PortAventura World,35594
3/5/2022,Tivoli Gardens,18353
3/6/2022,PortAventura World,40178
3/6/2022,Tivoli Gardens,19339
3/7/2022,PortAventura World,26731
3/7/2022,Tivoli Gardens,11885
3/8/2022,PortAventura World,22901
3/8/2022,Tivoli Gardens,11400
3/9/2022,PortAventura World,23663
3/9/2022,Tivoli Gardens,10994
3/10/2022,PortAventura World,25706
3/10/2022,Tivoli Gardens,11320
3/11/2022,PortAventura World,24592
3/11/2022,Tivoli Gardens,12271
3/12/2022,PortAventura World,40846
3/12/2022,Tivoli Gardens,18903
3/13/2022,PortAventura World,33166
3/13/2022,Tivoli Gardens,19141
3/14/2022,PortAventura World,29971
3/14/2022,Tivoli Gardens,12529
3/15/2022,PortAventura World,23065
3/15/2022,Tivoli Gardens,12642
3/16/2022,PortAventura World,29843
3/16/2022,Tivoli Gardens,13344
3/17/2022,PortAventura World,28405
3/17/2022,Tivoli Gardens,12419
3/18/2022,PortAventura World,35019
3/18/2022,Tivoli Gardens,15392
3/19/2022,PortAventura World,50052
3/19/2022,Tivoli Gardens,23114
3/20/2022,PortAventura World,40579
3/20/2022,Tivoli Gardens,21130
3/21/2022,PortAventura World,31183
3/21/2022,Tivoli Gardens,13561
3/22/2022,PortAventura World,28081
3/22/2022,Tivoli Gardens,12912
3/23/2022,PortAventura World,29208
3/23/2022,Tivoli Gardens,13071
3/24/2022,PortAventura World,31071
3/24/2022,Tivoli Gardens,13677
3/25/2022,PortAventura World,41375
3/25/2022,Tivoli Gardens,15634
3/26/2022,PortAventura World,52723
3/26/2022,Tivoli Gardens,22405
3/27/2022,PortAventura World,44387
3/27/2022,Tivoli Gardens,21959
3/28/2022,PortAventura World,40244
3/28/2022,Tivoli Gardens,15470
3/29/2022,PortAventura World,29361
3/29/2022,Tivoli Gardens,14327
3/30/2022,PortAventura World,31868
3/30/2022,Tivoli Gardens,13801
3/31/2022,PortAventura World,25984
3/31/2022,Tivoli Gardens,12640
4/1/2022,PortAventura World,25335
4/1/2022,Tivoli Gardens,11856
4/2/2022,PortAventura World,39159
4/2/2022,Tivoli Gardens,17311
4/3/2022,PortAventura World,35848
4/3/2022,Tivoli Gardens,18717
4/4/2022,PortAventura World,38509
4/4/2022,Tivoli Gardens,16583
4/5/2022,PortAventura World,38824
4/5/2022,Tivoli Gardens,19527
4/6/2022,PortAventura World,37922
4/6/2022,Tivoli Gardens,18681
4/7/2022,PortAventura World,36795
4/7/2022,Tivoli Gardens,19316
4/8/2022,PortAventura World,27410
4/8/2022,Tivoli Gardens,16702
4/9/2022,PortAventura World,41478
4/9/2022,Tivoli Gardens,17765
4/10/2022,PortAventura World,48238
4/10/2022,Tivoli Gardens,21604
4/11/2022,PortAventura World,57910
4/11/2022,Tivoli Gardens,24408
4/12/2022,PortAventura World,61684
4/12/2022,Tivoli Gardens,22482
4/13/2022,PortAventura World,47648
4/13/2022,Tivoli Gardens,23212
4/14/2022,PortAventura World,54015
4/14/2022,Tivoli Gardens,23437
4/15/2022,PortAventura World,52763
4/15/2022,Tivoli Gardens,22576
4/16/2022,PortAventura World,54906
4/16/2022,Tivoli Gardens,23610
4/17/2022,PortAventura World,54257
4/17/2022,Tivoli Gardens,25763
4/18/2022,PortAventura World,50143
4/18/2022,Tivoli Gardens,22235
4/19/2022,PortAventura World,52271
4/19/2022,Tivoli Gardens,22338
4/20/2022,PortAventura World,52229
4/20/2022,Tivoli Gardens,23270
4/21/2022,PortAventura World,53229
4/21/2022,Tivoli Gardens,24757
4/22/2022,PortAventura World,51675
4/22/2022,Tivoli Gardens,23256
4/23/2022,PortAventura World,49911
4/23/2022,Tivoli Gardens,23397
4/24/2022,PortAventura World,42486
4/24/2022,Tivoli Gardens,21283
4/25/2022,PortAventura World,47307
4/25/2022,Tivoli Gardens,20934
4/26/2022,PortAventura World,49448
4/26/2022,Tivoli Gardens,23559
4/27/2022,PortAventura World,46496
4/27/2022,Tivoli Gardens,21847
4/28/2022,PortAventura World,48086
4/28/2022,Tivoli Gardens,22363
4/29/2022,PortAventura World,45275
4/29/2022,Tivoli Gardens,20872
4/30/2022,PortAventura World,50132
4/30/2022,Tivoli Gardens,21315
5/1/2022,PortAventura World,45629
5/1/2022,Tivoli Gardens,22158
5/2/2022,PortAventura World,47266
5/2/2022,Tivoli Gardens,20568
5/3/2022,PortAventura World,50745
5/3/2022,Tivoli Gardens,22289
5/4/2022,PortAventura World,48640
5/4/2022,Tivoli Gardens,22435
5/5/2022,PortAventura World,51468
5/5/2022,Tivoli Gardens,24261
5/6/2022,PortAventura World,48283
5/6/2022,Tivoli Gardens,22282
5/7/2022,PortAventura World,54309
5/7/2022,Tivoli Gardens,24223
5/8/2022,PortAventura World,44581
5/8/2022,Tivoli Gardens,23880
5/9/2022,PortAventura World,45295
5/9/2022,Tivoli Gardens,19756
5/10/2022,PortAventura World,39510
5/10/2022,Tivoli Gardens,18039
5/11/2022,PortAventura World,39297
5/11/2022,Tivoli Gardens,16667
5/12/2022,PortAventura World,42626
5/12/2022,Tivoli Gardens,18855
5/13/2022,PortAventura World,47917
5/13/2022,Tivoli Gardens,21498
5/14/2022,PortAventura World,54698
5/14/2022,Tivoli Gardens,22779
5/15/2022,PortAventura World,45262
5/15/2022,Tivoli Gardens,23834
5/16/2022,PortAventura World,47507
5/16/2022,Tivoli Gardens,20834
5/17/2022,PortAventura World,43990
5/17/2022,Tivoli Gardens,20700
5/18/2022,PortAventura World,41325
5/18/2022,Tivoli Gardens,17828
5/19/2022,PortAventura World,40470
5/19/2022,Tivoli Gardens,17894
5/20/2022,PortAventura World,45271
5/20/2022,Tivoli Gardens,20871
5/21/2022,PortAventura World,57144
5/21/2022,Tivoli Gardens,24911
5/22/2022,PortAventura World,48255
5/22/2022,Tivoli Gardens,23650
5/23/2022,PortAventura World,43194
5/23/2022,Tivoli Gardens,21503
5/24/2022,PortAventura World,51491
5/24/2022,Tivoli Gardens,23276
5/25/2022,PortAventura World,53619
5/25/2022,Tivoli Gardens,22111
5/26/2022,PortAventura World,52831
5/26/2022,Tivoli Gardens,21802
5/27/2022,PortAventura World,55024
5/27/2022,Tivoli Gardens,23880
5/28/2022,PortAventura World,53520
5/28/2022,Tivoli Gardens,25426
5/29/2022,PortAventura World,45904
5/29/2022,Tivoli Gardens,22689
5/30/2022,PortAventura World,49027
5/30/2022,Tivoli Gardens,22108
5/31/2022,PortAventura World,48719
5/31/2022,Tivoli Gardens,23819
6/1/2022,PortAventura World,47430
6/1/2022,Tivoli Gardens,22116
6/2/2022,PortAventura World,50009
6/2/2022,Tivoli Gardens,21039
6/3/2022,PortAventura World,49400
6/3/2022,Tivoli Gardens,23633
6/4/2022,PortAventura World,48402
6/4/2022,Tivoli Gardens,22357
6/5/2022,PortAventura World,53008
6/5/2022,Tivoli Gardens,25748
6/6/2022,PortAventura World,54073
6/6/2022,Tivoli Gardens,25522
6/7/2022,PortAventura World,54167
6/7/2022,Tivoli Gardens,24805
6/8/2022,PortAventura World,44518
6/8/2022,Tivoli Gardens,22154
6/9/2022,PortAventura World,51750
6/9/2022,Tivoli Gardens,23941
6/10/2022,PortAventura World,52451
6/10/2022,Tivoli Gardens,23325
6/11/2022,PortAventura World,53184
6/11/2022,Tivoli Gardens,27004
6/12/2022,PortAventura World,48297
6/12/2022,Tivoli Gardens,29936
6/13/2022,PortAventura World,52095
6/13/2022,Tivoli Gardens,21054
6/14/2022,PortAventura World,49142
6/14/2022,Tivoli Gardens,22220
6/15/2022,PortAventura World,39839
6/15/2022,Tivoli Gardens,18184
6/16/2022,PortAventura World,48958
6/16/2022,Tivoli Gardens,18347
6/17/2022,PortAventura World,52410
6/17/2022,Tivoli Gardens,21954
6/18/2022,PortAventura World,46142
6/18/2022,Tivoli Gardens,22049
6/19/2022,PortAventura World,42050
6/19/2022,Tivoli Gardens,19612
6/20/2022,PortAventura World,50903
6/20/2022,Tivoli Gardens,21889
6/21/2022,PortAventura World,47390
6/21/2022,Tivoli Gardens,21658
6/22/2022,PortAventura World,48133
6/22/2022,Tivoli Gardens,23578
6/23/2022,PortAventura World,50654
6/23/2022,Tivoli Gardens,22298
6/24/2022,PortAventura World,51178
6/24/2022,Tivoli Gardens,23838
6/25/2022,PortAventura World,44728
6/25/2022,Tivoli Gardens,22521
6/26/2022,PortAventura World,45930
6/26/2022,Tivoli Gardens,22631
6/27/2022,PortAventura World,47382
6/27/2022,Tivoli Gardens,20782
6/28/2022,PortAventura World,48350
6/28/2022,Tivoli Gardens,21949
6/29/2022,PortAventura World,45662
6/29/2022,Tivoli Gardens,21989
6/30/2022,PortAventura World,37383
6/30/2022,Tivoli Gardens,19549
7/1/2022,PortAventura World,45094
7/1/2022,Tivoli Gardens,19781
7/2/2022,PortAventura World,51153
7/2/2022,Tivoli Gardens,21305
7/3/2022,PortAventura World,45441
7/3/2022,Tivoli Gardens,22261
7/4/2022,PortAventura World,47474
7/4/2022,Tivoli Gardens,20190
7/5/2022,PortAventura World,46780
7/5/2022,Tivoli Gardens,20412
7/6/2022,PortAventura World,46463
7/6/2022,Tivoli Gardens,21569
7/7/2022,PortAventura World,44514
7/7/2022,Tivoli Gardens,20736
7/8/2022,PortAventura World,40119
7/8/2022,Tivoli Gardens,17518
7/9/2022,PortAventura World,39407
7/9/2022,Tivoli Gardens,18081
7/10/2022,PortAventura World,42301
7/10/2022,Tivoli Gardens,20584
7/11/2022,PortAventura World,46846
7/11/2022,Tivoli Gardens,18667
7/12/2022,PortAventura World,53867
7/12/2022,Tivoli Gardens,23110
7/13/2022,PortAventura World,48036
7/13/2022,Tivoli Gardens,20562
7/14/2022,PortAventura World,50034
7/14/2022,Tivoli Gardens,20408
7/15/2022,PortAventura World,49571
7/15/2022,Tivoli Gardens,24023
7/16/2022,PortAventura World,48408
7/16/2022,Tivoli Gardens,23416
7/17/2022,PortAventura World,40938
7/17/2022,Tivoli Gardens,20918
7/18/2022,PortAventura World,46808
7/18/2022,Tivoli Gardens,21109
7/19/2022,PortAventura World,46753
7/19/2022,Tivoli Gardens,21048
7/20/2022,PortAventura World,45627
7/20/2022,Tivoli Gardens,30987
7/21/2022,PortAventura World,52637
7/21/2022,Tivoli Gardens,29641
7/22/2022,PortAventura World,49586
7/22/2022,Tivoli Gardens,27924
7/23/2022,PortAventura World,51748
7/23/2022,Tivoli Gardens,27538
7/24/2022,PortAventura World,45261
7/24/2022,Tivoli Gardens,26798
7/25/2022,PortAventura World,53764
7/25/2022,Tivoli Gardens,27061
7/26/2022,PortAventura World,26391
7/26/2022,Tivoli Gardens,14882
